{
    "$schema": "http://schema.management.azure.com/schemas/2015-01-01/deploymentTemplate.json#",
    "contentVersion": "1.0.0.0",
    "parameters": {
        "factoryName": {
            "type": "string",
            "metadata": "Data Factory name",
            "defaultValue": "adfadbprd001"
        },
        "dataFactory_properties_globalParameters_environment_value": {
            "type": "string",
            "defaultValue": "prod"
        },
        "dataFactory_properties_globalParameters_dev_resource_group_value": {
            "type": "string",
            "defaultValue": "AZR-WEK-rg-adf-adb-001"
        },
        "dataFactory_properties_globalParameters_dev_subscription_id_value": {
            "type": "string",
            "defaultValue": "00ab5361-0cd5-44b3-b4df-8f24e00fe1df"
        },
        "dataFactory_properties_globalParameters_prod_resource_group_value": {
            "type": "string",
            "defaultValue": "AZR-WEK-rg-adf-adb-001"
        },
        "dataFactory_properties_globalParameters_prod_subscription_id_value": {
            "type": "string",
            "defaultValue": "00ab5361-0cd5-44b3-b4df-8f24e00fe1df"
        },
        "dataFactory_location": {
            "type": "string",
            "defaultValue": "southeastasia"
        },
        "dataFactory_identity_type": {
            "type": "string",
            "defaultValue": "SystemAssigned"
        }
    },
    "variables": {
        "factoryId": "[concat('Microsoft.DataFactory/factories/', parameters('factoryName'))]"
    },
    "resources": [
        {
            "name": "[parameters('factoryName')]",
            "type": "Microsoft.DataFactory/factories",
            "apiVersion": "2018-06-01",
            "properties": {
                "globalParameters": {
                    "environment": {
                        "type": "string",
                        "value": "[parameters('dataFactory_properties_globalParameters_environment_value')]"
                    },
                    "dev_resource_group": {
                        "type": "string",
                        "value": "[parameters('dataFactory_properties_globalParameters_dev_resource_group_value')]"
                    },
                    "dev_subscription_id": {
                        "type": "string",
                        "value": "[parameters('dataFactory_properties_globalParameters_dev_subscription_id_value')]"
                    },
                    "prod_resource_group": {
                        "type": "string",
                        "value": "[parameters('dataFactory_properties_globalParameters_prod_resource_group_value')]"
                    },
                    "prod_subscription_id": {
                        "type": "string",
                        "value": "[parameters('dataFactory_properties_globalParameters_prod_subscription_id_value')]"
                    }
                }
            },
            "dependsOn": [],
            "location": "[parameters('dataFactory_location')]",
            "identity": {
                "type": "[parameters('dataFactory_identity_type')]",
                "principalId": "ffa794b7-33f3-4311-aa6f-a4949e8b0433",
                "tenantId": "7ba64ac2-8a2b-417e-9b8f-fcf8238f2a56"
            }
        }
    ]
}