{
    "$schema": "https://schema.management.azure.com/schemas/2015-01-01/deploymentParameters.json#",
    "contentVersion": "1.0.0.0",
    "parameters": {
        "factoryName": {
            "value": "adfadbprd001"
        },
        "adfadbplt001lsmarketingcloudopsjpndcl_passPhrase": {
            "value": ""
        },
        "adfadbplt001lsmftappvkenvuecomjpdcl_passPhrase": {
            "value": ""
        },
        "adfiradbplt002_properties_typeProperties_linkedInfo_resourceId": {
            "value": "/subscriptions/00ab5361-0cd5-44b3-b4df-8f24e00fe1df/resourcegroups/AZR-WEK-rg-adf-adb-001/providers/Microsoft.DataFactory/factories/adfadbplt001/integrationruntimes/adfiradbplt002"
        },
        "adfiradbplt003_properties_typeProperties_linkedInfo_resourceId": {
            "value": "/subscriptions/00ab5361-0cd5-44b3-b4df-8f24e00fe1df/resourcegroups/AZR-WEK-rg-adf-adb-001/providers/Microsoft.DataFactory/factories/adfadbplt001/integrationruntimes/adfiradbplt003"
        },
        "adfadbplt001lsakvadbplt001_properties_typeProperties_baseUrl": {
            "value": "https://akvadbplt001.vault.azure.net/"
        },
        "adfadbplt001lsdlsadbplt001_properties_typeProperties_url": {
            "value": "https://dlsadbplt001.dfs.core.windows.net/"
        },
        "adfadbplt001lsdbtclouddnacore_properties_typeProperties_url": {
            "value": "https://au.dbt.com/"
        },
        "adfadbplt001lssnfkpltdnaload_properties_typeProperties_connectionString_secretName": {
            "value": "adfadbplt001lssnfkproddnaload"
        },
        "adfadbplt001lsawswdvsgpw0006_properties_typeProperties_connectionString_secretName": {
            "value": "adfadbplt001lsawswdvsgpw0006"
        },
        "adfadbplt001lsarsadpprd001_properties_typeProperties_server": {
            "value": "conap-dna-prod.c1opccqxcdw2.ap-southeast-1.redshift.amazonaws.com"
        },
        "adfadbplt001lsarsadpprd001_properties_typeProperties_database": {
            "value": "conapdna"
        },
        "adfadbplt001lsarsadpprd001_properties_typeProperties_username": {
            "value": "sa-jnj-kdp-local"
        },
        "adfadbplt001lsas3adpprd001_properties_typeProperties_accessKeyId": {
            "value": {
                "type": "AzureKeyVaultSecret",
                "store": {
                    "referenceName": "adfadbplt001lsakvadbplt001",
                    "type": "LinkedServiceReference"
                },
                "secretName": "adfadbplt001lsas3adpprd001-AccessID"
            }
        },
        "adfadbplt001lssnfkpltdnacore_properties_typeProperties_connectionString_secretName": {
            "value": "adfadbplt001lssnfkproddnacore"
        },
        "adfadbsbx001lsazrweksgpw0003_properties_typeProperties_url": {
            "value": "https://azrweksgpw0002.kenvue.com/api.rsc/"
        },
        "adfadbplt001lspltbitabap_properties_typeProperties_url": {
            "value": "https://prdbitabap.kenvue.com/api/3.17/"
        },
        "adfadbplt001lsexacttargettha_properties_typeProperties_host": {
            "value": "Ftp.s7.exacttarget.com"
        },
        "adfadbplt001lsexacttargettha_properties_typeProperties_userName": {
            "value": "7306703_2"
        },
        "adfadbplt001lsmarketingcloudopstha_properties_typeProperties_host": {
            "value": "mcnvnrvjjt-90nt78v6wpjkyzvp8.ftp.marketingcloudops.com"
        },
        "adfadbplt001lsmarketingcloudopstha_properties_typeProperties_userName": {
            "value": "518006679_3"
        },
        "adfadbplt001lsexacttargetphl_properties_typeProperties_host": {
            "value": "Ftp.s7.exacttarget.com"
        },
        "adfadbplt001lsexacttargetphl_properties_typeProperties_userName": {
            "value": "7306703_2"
        },
        "adfadbplt001lsiqviaaus_properties_typeProperties_host": {
            "value": "delivery-au.solutions.iqvia.com"
        },
        "adfadbplt001lsiqviaaus_properties_typeProperties_userName": {
            "value": "ybian1@kenvue.com"
        },
        "adfadbplt001lsmarketingcloudopsphl_properties_typeProperties_host": {
            "value": "mcnvnrvjjt-90nt78v6wpjkyzvp8.ftp.marketingcloudops.com"
        },
        "adfadbplt001lsmarketingcloudopsphl_properties_typeProperties_userName": {
            "value": "518006679_3"
        },
        "adfadbplt001lsperensoaus_properties_typeProperties_host": {
            "value": "ftp.perenso.net"
        },
        "adfadbplt001lsperensoaus_properties_typeProperties_userName": {
            "value": "johnsonandjohnson"
        },
        "adfadbplt001lsawswfqsgpw0003_properties_typeProperties_connectionString_secretName": {
            "value": "adfadbplt001lsawswfqsgpw0003"
        },
        "adfadbplt001lsdlsadbplt001_ir001_properties_typeProperties_url": {
            "value": "https://dlsadbplt001.dfs.core.windows.net/"
        },
        "adfadbplt001lssnfkpltdnacore002_properties_typeProperties_database": {
            "value": "PROD_DNA_CORE"
        },
        "adfadbplt001lssnfkpltdnaload002_properties_typeProperties_database": {
            "value": "PROD_DNA_LOAD"
        },
        "adfadbplt001lsawswfgsgpw0002_properties_typeProperties_host": {
            "value": "\\\\10.225.18.150\\Data Transfer\\Outbound"
        },
        "adfadbplt001lsawswfgsgpw0002_properties_typeProperties_userId": {
            "value": "jx2.com\\SA-JX2-CAPDNAANZ"
        },
        "adfadbplt001lsawsbtasgpw0000_properties_typeProperties_host": {
            "value": "\\\\AWSBTASGPW0000.jx2.com\\IRTHST"
        },
        "adfadbplt001lsawsbtasgpw0000_properties_typeProperties_userId": {
            "value": "jx2.com\\SA-JX2-TIM"
        },
        "adfadbplt001lsazrwbudbxprod_properties_typeProperties_connectionString_secretName": {
            "value": "adfadbplt001lsazrwbudbxprod"
        },
        "adfadbplt001lsthepopcompanycom_properties_typeProperties_host": {
            "value": "sftp.thepopcompany.com"
        },
        "adfadbplt001lsthepopcompanycom_properties_typeProperties_userName": {
            "value": "JnJ"
        },
        "adfadbplt001lsdmsindprd001_properties_typeProperties_server": {
            "value": "vpce-099a59854e0767b42-7bpfvs80.vpce-svc-0a36231669f511a9a.ap-southeast-1.vpce.amazonaws.com"
        },
        "adfadbplt001lsdmsindprd001_properties_typeProperties_database": {
            "value": "csngjnjreport"
        },
        "adfadbplt001lsdmsindprd001_properties_typeProperties_username": {
            "value": "AS_DNA"
        },
        "adfadbplt001lsdlsadbplt001_blob_properties_typeProperties_sasUri_secretName": {
            "value": "adfadbplt001lsdlsadbplt001blob"
        },
        "adfadbplt001lsawsbmntkyl0021jnjcom_properties_typeProperties_connectionString_secretName": {
            "value": "adfadbplt001lsawsbmntkyl0021jnjcom"
        },
        "adfadbplt001lsmarketingcloudopsjpndcl_properties_typeProperties_host": {
            "value": "mcnvnrvjjt-90nt78v6wpjkyzvp8.ftp.marketingcloudops.com"
        },
        "adfadbplt001lsmarketingcloudopsjpndcl_properties_typeProperties_userName": {
            "value": "518007108_4"
        },
        "adfadbplt001lsawsbmntkyl001y_properties_typeProperties_connectionString_secretName": {
            "value": "adfadbplt001lsawsbmntkyl001y"
        },
        "adfadbplt001lssfhcpveevaind001_properties_typeProperties_environmentUrl": {
            "value": "https://login.salesforce.com"
        },
        "adfadbplt001lssfhcpveevaind001_properties_typeProperties_username": {
            "value": "consumerdna@its.jnj.com"
        },
        "adfadbplt001lssfhcpveevaind001_properties_typeProperties_clientId": {
            "value": "dummy"
        },
        "adfadbplt001lsarsprdcon360_properties_typeProperties_server": {
            "value": "capture.cpivosyuhhmf.us-east-1.redshift.amazonaws.com"
        },
        "adfadbplt001lsarsprdcon360_properties_typeProperties_database": {
            "value": "conglobalprod"
        },
        "adfadbplt001lsarsprdcon360_properties_typeProperties_username": {
            "value": "digitalecosystemuserp"
        },
        "adfadbplt001lsvawsbtcsgpl0005kenvuecom_properties_typeProperties_connectionString_secretName": {
            "value": "adfadbplt001lsvawsbtcsgpl0005kenvuecom"
        },
        "adfadbplt001lsvmcitsapl002fjx2com_properties_typeProperties_connectionString_secretName": {
            "value": "adfadbplt001lsvmcitsapl002fjx2com"
        },
        "adfadbplt001lsemartkor_properties_typeProperties_connectionString_secretName": {
            "value": "adfadbplt001lsemartkor"
        },
        "adfadbdev001smssqltpm001_properties_typeProperties_server": {
            "value": "awsbrasgpw0001.jx2.com"
        },
        "adfadbdev001smssqltpm001_properties_typeProperties_database": {
            "value": "JNJ_TPM"
        },
        "adfadbdev001smssqltpm001_properties_typeProperties_userName": {
            "value": "DNA_PRO_X"
        },
        "adfadbdev001lsardsbpanorama001_properties_typeProperties_server": {
            "value": "capturesqlrds.cqf2mpbmddin.us-east-1.rds.amazonaws.com"
        },
        "adfadbdev001lsardsbpanorama001_properties_typeProperties_database": {
            "value": "bpanorama"
        },
        "adfadbdev001lsardsbpanorama001_properties_typeProperties_userName": {
            "value": "bpservreadonly"
        },
        "adfadbplt001lssfhcpveevaind002_properties_typeProperties_environmentUrl": {
            "value": "https://iconnect-consumer.my.salesforce.com/"
        },
        "adfadbplt001lssfhcpveevaind002_properties_typeProperties_clientId": {
            "value": "3MVG97quAmFZJfVy1Z4Us.i6dz4FDuElcBdgw4cAR5n.grxXhlMnH6Plo4pBVvqwj4f5OUXA_SgZb3XMD2f9s"
        },
        "adfadbplt001lsmftappvkenvuecomjpdcl_properties_typeProperties_host": {
            "value": "mftappv-int.kenvue.com"
        },
        "adfadbplt001lsmftappvkenvuecomjpdcl_properties_typeProperties_userName": {
            "value": "DCL_CI_NEXT_CMS_PROBANCE"
        },
        "adfadbplt001lsarsprdcon360002_properties_typeProperties_server": {
            "value": "capture.cpivosyuhhmf.us-east-1.redshift.amazonaws.com"
        },
        "adfadbplt001lsarsprdcon360002_properties_typeProperties_database": {
            "value": "conglobalprod"
        },
        "adfadbplt001lsarsprdcon360002_properties_typeProperties_username": {
            "value": "mktgscacct"
        },
        "adfadbplt001lsawswdvsgpw0005_properties_typeProperties_server": {
            "value": "awswdvsgpw0005.jx2.com"
        },
        "adfadbplt001lsawswdvsgpw0005_properties_typeProperties_database": {
            "value": "mds"
        },
        "adfadbplt001lsawswdvsgpw0005_properties_typeProperties_userName": {
            "value": "MDS_QA"
        },
        "adfadbplt001mpepdlsadbplt001_blob_properties_privateLinkResourceId": {
            "value": "/subscriptions/00ab5361-0cd5-44b3-b4df-8f24e00fe1df/resourceGroups/AZR-WEK-rg-dls-adb-001/providers/Microsoft.Storage/storageAccounts/dlsadbplt001"
        },
        "adfadbplt001mpepdlsadbplt001_blob_properties_groupId": {
            "value": "blob"
        },
        "adfadbplt001mpepdlsadbplt001_blob_properties_fqdns": {
            "value": [
                "dlsadbplt001.blob.core.windows.net"
            ]
        },
        "adfadbplt001mpepdlsadbplt002_properties_privateLinkResourceId": {
            "value": "/subscriptions/00ab5361-0cd5-44b3-b4df-8f24e00fe1df/resourceGroups/AZR-WEK-rg-dls-adb-001/providers/Microsoft.Storage/storageAccounts/dlsadbplt002"
        },
        "adfadbplt001mpepdlsadbplt002_properties_groupId": {
            "value": "dfs"
        },
        "adfadbplt001mpepdlsadbplt002_properties_fqdns": {
            "value": [
                "dlsadbplt002.dfs.core.windows.net"
            ]
        },
        "adfadbplt001mpepdlsadbplt001_properties_privateLinkResourceId": {
            "value": "/subscriptions/00ab5361-0cd5-44b3-b4df-8f24e00fe1df/resourceGroups/AZR-WEK-rg-dls-adb-001/providers/Microsoft.Storage/storageAccounts/dlsadbplt001"
        },
        "adfadbplt001mpepdlsadbplt001_properties_groupId": {
            "value": "dfs"
        },
        "adfadbplt001mpepdlsadbplt001_properties_fqdns": {
            "value": [
                "dlsadbplt001.dfs.core.windows.net"
            ]
        },
        "sg_scan_refresh_trigger_properties_master_parameters_category": {
            "value": "SINGAPORE_TRANSACTIONAL"
        },
        "sg_sellout_refresh_trigger_properties_master_parameters_category": {
            "value": "SINGAPORE_SELLOUT"
        },
        "rg_travel_retail_refresh_trigger_properties_master_parameters_category": {
            "value": "REGIONAL"
        },
        "GCH_trigger_properties_master_parameters_category": {
            "value": "GCH"
        },
        "POP6_refresh_Trigger_properties_master_parameters_category": {
            "value": "POP6_refresh"
        },
        "UAT_rg_mds_to_dna_refresh_trigger_properties_master_parameters_category": {
            "value": "REGIONAL_MDS"
        },
        "UAT_SAP_BW_MASTER_AND_ACCT_ATTR_trigger_properties_master_parameters_category": {
            "value": "SAP_BW_MASTER_AND_ACCT_ATTR"
        },
        "UAT_J_RG_SELL_IN_COPA_TAB_REFRESH_trigger_properties_master_parameters_category": {
            "value": "PACIFIC_SALES_REPORTING_AND_PROMAX"
        },
        "UAT_pka_tableau_refresh_trigger_properties_master_parameters_category": {
            "value": "REGIONAL PKA"
        },
        "MALAYSIA_POS_trigger_properties_master_parameters_category": {
            "value": "MY_POS"
        },
        "MY_POS_SIPOS_trigger_properties_master_parameters_category": {
            "value": "MY_POS_SIPOS"
        },
        "MY_SELLIN_ANALYSIS_trigger_properties_master_parameters_category": {
            "value": "MY_SELLIN_ANALYSIS"
        },
        "my_gt_sales_dna_to_mds_trigger_properties_master_parameters_category": {
            "value": "my_gt_sales_dna_to_mds"
        },
        "MY_JOINT_MONTHLY_trigger_properties_master_parameters_category": {
            "value": "MY_JOINT_MONTHLY"
        },
        "my_list_price_trigger_properties_master_parameters_category": {
            "value": "MY_LIST_PRICE"
        },
        "TH_CUSTOMER360_trigger_properties_master_parameters_category": {
            "value": "TH_CUSTOMER360"
        },
        "TH_FILE_INGESTION_trigger_properties_master_parameters_category": {
            "value": "TH_FILE_INGESTION"
        },
        "TH_CRM_SFMC_trigger_properties_master_parameters_category": {
            "value": "TH_CRM_SFMC"
        },
        "THAILAND_trigger_properties_master_parameters_category": {
            "value": "THAILAND"
        },
        "TH_MT_Daily_price_load_trigger_properties_master_parameters_category": {
            "value": "TH_MT_Daily_price_load"
        },
        "TH_PERFECTSTORE_trigger_properties_master_parameters_category": {
            "value": "TH_PERFECT_STORE"
        },
        "VN_MT_PERFECTSTORE_trigger_properties_master_parameters_category": {
            "value": "VN_MT_PERFECTSTORE"
        },
        "VN_TARGET_TOPDOOR_trigger_properties_master_parameters_category": {
            "value": "VN_TARGET_TOPDOOR"
        },
        "VN_DMS_trigger_properties_master_parameters_category": {
            "value": "VN_DMS"
        },
        "VN_MT_trigger_properties_master_parameters_category": {
            "value": "VN_MT"
        },
        "PCF_PHARM_ECOMM_trigger_properties_master_parameters_category": {
            "value": "PCF_PHARM_ECOMM"
        },
        "PCF_ROI_REFRESH_trigger_properties_master_parameters_category": {
            "value": "PCF_ROI_REFRESH"
        },
        "PCF_PERENSO_METCASH_trigger_properties_master_parameters_category": {
            "value": "PCF_PERENSO_METCASH"
        },
        "PCF_PERENSO_trigger_properties_master_parameters_category": {
            "value": "PCF_PERENSO"
        },
        "PCF_MDS_trigger_properties_master_parameters_category": {
            "value": "PCF_MDS"
        },
        "PCF_PAC_PHARM_trigger_properties_master_parameters_category": {
            "value": "PCF_PAC_PHARM"
        },
        "PCF_IRI_SCAN_SALES_trigger_properties_master_parameters_category": {
            "value": "PCF_IRI_SCAN_SALES"
        },
        "PCF_Cogs_ETL_Framework_trigger_properties_master_parameters_category": {
            "value": "PCF_Cogs_ETL_Framework"
        },
        "PCF_Inventory_Health_trigger_properties_master_parameters_category": {
            "value": "PCF_Inventory_Health"
        },
        "PCF_Weekly_Forecast_trigger_properties_master_parameters_category": {
            "value": "PCF_Weekly_Forecast"
        },
        "PCF_ANZ_PERENSO_DISTRIBUTION_trigger_properties_master_parameters_category": {
            "value": "PCF_ANZ_PERENSO_DISTRIBUTION"
        },
        "PCF_PA_PHARMA_trigger_properties_master_parameters_category": {
            "value": "PCF_PA_INV"
        },
        "PCF_CBG_DATA_INGESION_trigger_properties_master_parameters_category": {
            "value": "PCF_CBG_DATA_INGESION"
        },
        "PCF_ANZ_PERENSO_WEEKLY_LOAD_trigger_properties_master_parameters_category": {
            "value": "PCF_ANZ_PERENSO_WEEKLY_LOAD"
        },
        "PCF_TRAX_trigger_properties_master_parameters_category": {
            "value": "PCF_TRAX"
        },
        "PH_ACOMMERCE_DATA_INGESTION_trigger_properties_master_parameters_category": {
            "value": "PH_ACOMMERCE_DATA_INGESTION"
        },
        "PH_SFMC_CRM _trigger_properties_master_parameters_category": {
            "value": "PH_SFMC_CRM"
        },
        "PH_NON_POS_trigger_properties_master_parameters_category": {
            "value": "PH_NON_POS"
        },
        "PH_MDS_POS_PERFECTSTORE_DMS_trigger_properties_master_parameters_category": {
            "value": "PH_MDS_POS_PERFECTSTORE_DMS"
        },
        "J_PH_DNA_TAB_REFRESH_trigger_properties_master_parameters_category": {
            "value": "J_PH_DNA_TAB_REFRESH"
        },
        "PH_TAB_REFRESH_trigger_properties_master_parameters_category": {
            "value": "PH_TAB_REFRESH"
        },
        "PCF_REFRESH_trigger_properties_master_parameters_category": {
            "value": "PCF_BW_INVOICE"
        },
        "REGIONAL_COPA_trigger_properties_master_parameters_category": {
            "value": "REGIONAL_COPA"
        },
        "PH_ANALYSIS_SISO_NPI_SCORECARD_trigger_properties_master_parameters_category": {
            "value": "PH_ANALYSIS_SISO_NPI_SCORECARD"
        },
        "J_OS_DNA_SDL_TO_EDW_WM_SALES_trigger_properties_master_parameters_category": {
            "value": "J_OS_DNA_SDL_TO_EDW_WM_SALES"
        },
        "TH_Tesco_Transdata_trigger_properties_master_parameters_category": {
            "value": "TH_TESCO_TRANSDATA"
        },
        "TW_SFMC_CRM_trigger_properties_master_parameters_category": {
            "value": "TW_SFMC_CRM"
        },
        "ID_IVY_trigger_properties_master_parameters_category": {
            "value": "ID_IVY"
        },
        "ID_POS_DAILY_trigger_properties_master_parameters_category": {
            "value": "ID_POS_DAILY"
        },
        "IDN_MDS_SDL_trigger_properties_master_parameters_category": {
            "value": "IDN_MDS_SDL"
        },
        "ID_PS_trigger_properties_master_parameters_category": {
            "value": "ID_PS"
        },
        "ID_POS_trigger_properties_master_parameters_category": {
            "value": "ID_POS"
        },
        "IDN_MDS_trigger_1_properties_master_parameters_category": {
            "value": "IDN_MDS"
        },
        "IDN_MDS_trigger_5_properties_master_parameters_category": {
            "value": "IDN_MDS"
        },
        "IDN_MDS_trigger_3_properties_master_parameters_category": {
            "value": "IDN_MDS"
        },
        "IDN_MDS_trigger_4_properties_master_parameters_category": {
            "value": "IDN_MDS"
        },
        "IDN_MDS_trigger_6_properties_master_parameters_category": {
            "value": "IDN_MDS"
        },
        "IDN_MDS_trigger_2_properties_master_parameters_category": {
            "value": "IDN_MDS"
        },
        "KR_MDS_COUPANG_PREMIUM_trigger_properties_master_parameters_category": {
            "value": "KR_MDS_COUPANG_PREMIUM"
        },
        "NA_TW_IMS_trigger_properties_master_parameters_category": {
            "value": "NA_TW_IMS"
        },
        "TWSI_TARGET_INGESTION_trigger_properties_master_parameters_category": {
            "value": "TWSI_TARGET_INGESTION"
        },
        "KR_ECOMMERCE_1_trigger_properties_master_parameters_category": {
            "value": "KR_ECOMMERCE_1"
        },
        "TW_STRATEGIC_CUSTOMER_HIERARCHY_trigger_properties_master_parameters_category": {
            "value": "TW_STRATEGIC_CUSTOMER_HIERARCHY"
        },
        "NA_MDS_TW_POS_IMS_trigger_properties_master_parameters_category": {
            "value": "NA_MDS_TW_POS_IMS"
        },
        "KR_DADS_trigger_properties_master_parameters_category": {
            "value": "KR_DADS"
        },
        "KR_SFMC_NAVER_DATA_trigger_properties_master_parameters_category": {
            "value": "KR_SFMC_NAVER_DATA"
        },
        "IN_XDM_Ingestion_trigger_properties_master_parameters_category": {
            "value": "IN_XDM_Ingestion"
        },
        "INDIA_SDLITG_PWC_KAS_TBL_trigger_properties_master_parameters_category": {
            "value": "INDIA_SDLITG_PWC_KAS_TBL"
        },
        "j_india_generic_source_excel_sdl_data_ingestion_trigger_properties_master_parameters_category": {
            "value": "j_india_generic_source_excel_sdl_data_ingestion"
        },
        "IN_MDS_REFRESH_PERFECT_STORE_TRANS_trigger_properties_master_parameters_category": {
            "value": "IN_MDS_REFRESH_PERFECT_STORE_TRANS"
        },
        "INDIA_KEY_ACCOUNT_OFFTAKE_trigger_properties_master_parameters_category": {
            "value": "INDIA_KEY_ACCOUNT_OFFTAKE"
        },
        "In_Finance_Simulator_Ingestion_trigger_properties_master_parameters_category": {
            "value": "In_Finance_Simulator_Ingestion"
        },
        "ETL_XDM_TLRSR_LOAD_TRIGGER_properties_master_parameters_category": {
            "value": "ETL_XDM_TLRSR_LOAD"
        },
        "India_RT_trigger_properties_master_parameters_category": {
            "value": "India_RT"
        },
        "INDIA_ETL_XDM_SDLITG_LOAD_trigger_properties_master_parameters_category": {
            "value": "INDIA_ETL_XDM_SDLITG_LOAD"
        },
        "IN_MI_DASHBOARD_DATAMART_properties_master_parameters_category": {
            "value": "IN_MI_DASHBOARD_DATAMART"
        },
        "India_Salesman_Target_trigger_properties_master_parameters_category": {
            "value": "India_Salesman_Target"
        },
        "NA_MDS_KR_POS_trigger_1_properties_master_parameters_category": {
            "value": "NA_MDS_KR_POS"
        },
        "NA_MDS_KR_POS_trigger_2_properties_master_parameters_category": {
            "value": "NA_MDS_KR_POS"
        },
        "coupang_ppm_file _trigger_properties_master_parameters_category": {
            "value": "coupang_ppm_file"
        },
        "KR_TRADE_PROMOTION_trigger_properties_master_parameters_category": {
            "value": "KR_TRADE_PROMOTION"
        },
        "GT_SELLOUT_OTC_TRIGGER_properties_master_parameters_category": {
            "value": "GT_SELLOUT_OTC"
        },
        "open_order_detail_extract_trigger_properties_pcf_extract_notification_parameters_query": {
            "value": "select TO_CHAR(rqst_delv_dt, 'MM/DD/YY') AS \"Requested Del. Date\",channel_desc AS \"Channel\",ship_name AS \"Ship to Name\",sls_doc AS \"Sales Doc\",matl_id AS \"Material Code\", matl_desc AS \"Material\", TO_CHAR(ROUND(sum(future_gts_val), 2), 'FM$999,999,999.00') AS \"Future GTS\",ROUND(sum(fut_sls_qty), 2) AS \"Future Qty\",ROUND(sum(unspp_qty), 2) AS \"Unsupplied Qty\" from PROD_DNA_CORE.PCFEDW_INTEGRATION.EDW_INVOICE_ANALYSIS where to_ccy='USD'and jj_mnth_long='{CurrMonth}' and jj_year='{CurrYear}' and NTS_VAL!=0 group by rqst_delv_dt,channel_desc,ship_name,sls_doc,matl_id, matl_desc having sum(fut_sls_qty) != 0  and sum(NTS_VAL) !=0;"
        },
        "POP6_MASTER_TRASACTION_trigger_properties_master_parameters_category": {
            "value": "POP6_MASTER_TRASACTION"
        },
        "TW_IMS_DISTRIBUTOR_trigger_properties_master_parameters_category": {
            "value": "TW_IMS_DISTRIBUTOR"
        },
        "j_tw_sell_in_forecast_transaction_data_ingestion_trigger_properties_master_parameters_category": {
            "value": "j_tw_sell_in_forecast_transaction_data_ingestion"
        },
        "IN_SSS_Scorecard_Trigger_properties_master_parameters_category": {
            "value": "IN_SSS_Scorecard"
        },
        "IN_SKU_RECOMMENDATION_trigger_properties_master_parameters_category": {
            "value": "IN_SKU_RECOMMENDATION"
        },
        "IN_GEO_TAGG_DATAMART_trigger_properties_master_parameters_category": {
            "value": "IN_GEO_TAGG_DATAMART"
        },
        "MY_PERFECT_STORE_trigger_properties_master_parameters_category": {
            "value": "MY_PERFECT_STORE"
        },
        "IN_SKURECOM_GT_SSS_2024_DATAMART_trigger_properties_master_parameters_category": {
            "value": "IN_SKURECOM_GT_SSS_2024_DATAMART"
        },
        "IN_MT_SELLIN_VS_SELLOUT_DATAMART_trigger_properties_master_parameters_category": {
            "value": "IN_MT_SELLIN_VS_SELLOUT_DATAMART"
        },
        "IN_MI_PSR_DATAMART_trigger_properties_master_parameters_category": {
            "value": "IN_MI_PSR_DATAMART"
        },
        "IN_MI_MSL_PERF_DATAMART_trigger_properties_master_parameters_category": {
            "value": "IN_MI_MSL_PERF_DATAMART"
        },
        "IN_SKURECOM_MSLSPIKE_DATAMART_trigger_properties_master_parameters_category": {
            "value": "IN_SKURECOM_MSLSPIKE_DATAMART"
        },
        "JS_EX_PRODUCT_ATTR_DIM_trigger_properties_master_parameters_category": {
            "value": "JS_EX_PRODUCT_ATTR_DIM"
        },
        "J_AP_IDC_ETL_FRAMEWORK_trigger_properties_master_parameters_category": {
            "value": "J_AP_IDC_ETL_FRAMEWORK"
        },
        "OTIF_D_Trigger_properties_master_parameters_category": {
            "value": "OTIF_D_Data_Load"
        },
        "OTIF_D_Trigger_properties_master_parameters_force_rerun": {
            "value": false
        },
        "kr_pos_emart_trigger_properties_ingestion_master_parameters_usecase_id": {
            "value": 343
        },
        "kr_pos_emart_trigger_properties_ingestion_master_parameters_phase_id": {
            "value": 1
        },
        "kr_pos_emart_trigger_properties_ingestion_master_parameters_category": {
            "value": "kr_pos_emart"
        },
        "HCP_OneSea_trigger_properties_master_parameters_category": {
            "value": "HCP_OneSea"
        },
        "hk_daily_sales_trigger_properties_master_parameters_category": {
            "value": "hk_daily_sales"
        },
        "m_edw_mysales_trigger_properties_master_parameters_category": {
            "value": "m_edw_mysales"
        },
        "J_RG_WATSONS_INV_MY_PH_TW_trigger_properties_master_parameters_category": {
            "value": "J_RG_WATSONS_INV_MY_PH_TW"
        },
        "KR_onpack_target_trigger_properties_master_parameters_category": {
            "value": "KR_onpack_target"
        },
        "j_kr_price_tracker_trigger_properties_master_parameters_category": {
            "value": "j_kr_price_tracker"
        },
        "j_kr_tw_sales_target_trigger_properties_master_parameters_category": {
            "value": "j_kr_tw_sales_target"
        },
        "j_kr_pos_prc_condition_trigger_properties_master_parameters_category": {
            "value": "j_kr_pos_prc_condition"
        },
        "IN_HCP360_IQVIA_Ingestion_properties_master_parameters_category": {
            "value": "IN_HCP360_IQVIA_Ingestion"
        },
        "IN_GA360_trigger_properties_master_parameters_category": {
            "value": "IN_GA360"
        },
        "IN_HCP360_MDS_Data_Refresh_trigger_properties_master_parameters_category": {
            "value": "IN_HCP360_MDS_Data_Refresh"
        },
        "in_hcp360_iqvia_kpi_datamart_trigger_properties_master_parameters_category": {
            "value": "in_hcp360_iqvia_kpi_datamart"
        },
        "IN_SFMC_LOAD_trigger_properties_master_parameters_category": {
            "value": "IN_SFMC_LOAD"
        },
        "HCP360_IN_Ventasys_Load_trigger_properties_master_parameters_category": {
            "value": "HCP360_IN_Ventasys_Load"
        },
        "japan_pos_mds_sync_trigger_properties_master_parameters_category": {
            "value": "japan_pos_mds_sync"
        },
        "JPN_POS_LOAD_trigger_properties_master_parameters_category": {
            "value": "JPN_POS_LOAD"
        },
        "JP_Sellout_MDS_trigger_properties_master_parameters_category": {
            "value": "JP_Sellout_MDS"
        },
        "JP_MDS_trigger_properties_master_parameters_category": {
            "value": "JP_MDS"
        },
        "JPN_EDI_MASTER_INVENTORY_WORKFLOW_trigger_properties_master_parameters_category": {
            "value": "JPN_EDI_MASTER_INVENTORY_WORKFLOW"
        },
        "JPN_EDI_MASTER_WEEKEND_trigger_properties_master_parameters_category": {
            "value": "JPN_EDI_MASTER_WEEKEND"
        },
        "JPN_TSP_MASTER_trigger_properties_master_parameters_category": {
            "value": "JPN_TSP_MASTER"
        },
        "JP_MDS_Reverse_trigger_properties_master_parameters_category": {
            "value": "JP_MDS_Reverse"
        },
        "JP_DCL_RAKUTEN_trigger_properties_master_parameters_category": {
            "value": "JP_DCL_RAKUTEN"
        },
        "JP_DCL_CINEXT_trigger_properties_master_parameters_category": {
            "value": "JP_DCL_CINEXT"
        },
        "JP_DCL_ML_PREDICTION_LOAD_trigger_properties_master_parameters_category": {
            "value": "JP_DCL_ML_PREDICTION_LOAD"
        },
        "JP_DCL_AFFILIATE_CANCEL_LOAD_trigger_properties_master_parameters_category": {
            "value": "JP_DCL_AFFILIATE_CANCEL_LOAD"
        },
        "JP_DCL_MYKOKYA_trigger_properties_master_parameters_category": {
            "value": "JP_DCL_MYKOKYA"
        },
        "JP_DCL_MDS_trigger_properties_master_parameters_category": {
            "value": "JP_DCL_MDS"
        },
        "Sellin_Integration_Job_saturday_trigger_properties_master_parameters_category": {
            "value": "Sellin_Integration_SAT"
        },
        "CHN_OTC_SELLOUT_trigger_properties_master_parameters_category": {
            "value": "CHN_OTC_SELLOUT"
        },
        "UAT_SAP_BW_trigger_properties_master_parameters_category": {
            "value": "SAP_BW"
        },
        "GT_SELLOUT_trigger_properties_master_parameters_category": {
            "value": "GT_SELLOUT"
        },
        "DM_INTEGRATION_DLY_REFRESH_sunday_trigger_properties_master_parameters_category": {
            "value": "DM_INTEGRATION_DLY_REFRESH"
        },
        "JP_DCL_SFMC_DCL_ITG_trigger_properties_master_parameters_category": {
            "value": "JP_DCL_SFMC_DCL_ITG"
        },
        "JPN_SELLIN_INTEGRATION_trigger_properties_master_parameters_category": {
            "value": "JPN_SELLIN_INTEGRATION"
        },
        "EOM_PROX_trigger_properties_master_parameters_category": {
            "value": "EOM_PROX"
        },
        "EOM_OKR_trigger_properties_master_parameters_category": {
            "value": "EOM_OKR"
        },
        "KR_OTC_ECOM_INV_FRAMEWORK_trigger_properties_master_parameters_category": {
            "value": "KR_OTC_ECOM_INV"
        },
        "Regional_Ecomm_One_View_trigger_properties_master_parameters_category": {
            "value": "Regional_Ecomm_One_View"
        },
        "datamart_refresh_customer_COGS_trigger_properties_master_parameters_category": {
            "value": "datamart_refresh_customer_COGS"
        },
        "MY_SELLOUT_SISO_morning_evening_trigger_properties_master_parameters_category": {
            "value": "MY_SELLOUT_SISO"
        },
        "MY_SELLOUT_SELLIN_MDS_trigger_properties_master_parameters_category": {
            "value": "MY_SELLOUT_SELLIN_MDS"
        },
        "Global_OTIF_EDL_DNA_trigger_properties_master_parameters_category": {
            "value": "Global_OTIF_EDL_DNA"
        },
        "Regional_Price_Tracker_trigger_properties_master_parameters_category": {
            "value": "Regional_Price_Tracker"
        },
        "my_sellout_inv_sales_trigger_properties_master_parameters_category": {
            "value": "my_sellout_inv_sales"
        },
        "PH_BP_TARGET_IOP_TARGET_trigger_properties_master_parameters_category": {
            "value": "PH_BP_TARGET_IOP_TARGET"
        },
        "market_mirror_trigger_properties_master_parameters_category": {
            "value": "market_mirror"
        },
        "JPN_DCL_SFTP_trigger_properties_master_parameters_category": {
            "value": "JPN_DCL_SFTP"
        },
        "Yimian_Price_Ingestion_CHN_MDS_trigger_properties_master_parameters_category": {
            "value": "Yimian_Price_Ingestion_CHN_MDS"
        },
        "EOM_ECOMM_rg_mrkt_RG_CLAVIS_trigger_properties_master_parameters_category": {
            "value": "EOM_ECOMM_rg_mrkt_RG_CLAVIS"
        },
        "cd_scorecard_health_inventory_table_refresh_trigger_properties_master_parameters_category": {
            "value": "cd_scorecard_health_inventory_table_refresh"
        },
        "j_ecommerce_nts_mds_load_trigger_properties_master_parameters_category": {
            "value": "j_ecommerce_nts_mds_load"
        },
        "JP_DCL_GENERIC_EXTRACTION_FILESETUP_trigger_properties_master_parameters_category": {
            "value": "JP_DCL_GENERIC_EXTRACTION_FILESETUP"
        },
        "RE_Summary_Details_Execution_trigger_properties_master_parameters_category": {
            "value": "Retail_Excellence_Data_Load"
        }
    }
}