{
    "$schema": "http://schema.management.azure.com/schemas/2015-01-01/deploymentTemplate.json#",
    "contentVersion": "1.0.0.0",
    "parameters": {
        "factoryName": {
            "type": "string",
            "metadata": "Data Factory name",
            "defaultValue": "adfadbprd001"
        },
        "TH_MT_Daily_price_load_trigger_properties_master_parameters_category": {
            "type": "string",
            "defaultValue": "TH_MT_Daily_price_load"
        },
        "TH_PERFECTSTORE_trigger_properties_master_parameters_category": {
            "type": "string",
            "defaultValue": "TH_PERFECT_STORE"
        },
        "VN_MT_PERFECTSTORE_trigger_properties_master_parameters_category": {
            "type": "string",
            "defaultValue": "VN_MT_PERFECTSTORE"
        },
        "VN_TARGET_TOPDOOR_trigger_properties_master_parameters_category": {
            "type": "string",
            "defaultValue": "VN_TARGET_TOPDOOR"
        },
        "VN_DMS_trigger_properties_master_parameters_category": {
            "type": "string",
            "defaultValue": "VN_DMS"
        },
        "VN_MT_trigger_properties_master_parameters_category": {
            "type": "string",
            "defaultValue": "VN_MT"
        },
        "PCF_PHARM_ECOMM_trigger_properties_master_parameters_category": {
            "type": "string",
            "defaultValue": "PCF_PHARM_ECOMM"
        },
        "PCF_ROI_REFRESH_trigger_properties_master_parameters_category": {
            "type": "string",
            "defaultValue": "PCF_ROI_REFRESH"
        },
        "PCF_PERENSO_METCASH_trigger_properties_master_parameters_category": {
            "type": "string",
            "defaultValue": "PCF_PERENSO_METCASH"
        },
        "PCF_PERENSO_trigger_properties_master_parameters_category": {
            "type": "string",
            "defaultValue": "PCF_PERENSO"
        },
        "PCF_MDS_trigger_properties_master_parameters_category": {
            "type": "string",
            "defaultValue": "PCF_MDS"
        },
        "PCF_PAC_PHARM_trigger_properties_master_parameters_category": {
            "type": "string",
            "defaultValue": "PCF_PAC_PHARM"
        },
        "PCF_IRI_SCAN_SALES_trigger_properties_master_parameters_category": {
            "type": "string",
            "defaultValue": "PCF_IRI_SCAN_SALES"
        },
        "PCF_Cogs_ETL_Framework_trigger_properties_master_parameters_category": {
            "type": "string",
            "defaultValue": "PCF_Cogs_ETL_Framework"
        },
        "PCF_Inventory_Health_trigger_properties_master_parameters_category": {
            "type": "string",
            "defaultValue": "PCF_Inventory_Health"
        },
        "PCF_Weekly_Forecast_trigger_properties_master_parameters_category": {
            "type": "string",
            "defaultValue": "PCF_Weekly_Forecast"
        },
        "PCF_ANZ_PERENSO_DISTRIBUTION_trigger_properties_master_parameters_category": {
            "type": "string",
            "defaultValue": "PCF_ANZ_PERENSO_DISTRIBUTION"
        },
        "PCF_PA_PHARMA_trigger_properties_master_parameters_category": {
            "type": "string",
            "defaultValue": "PCF_PA_INV"
        },
        "PCF_CBG_DATA_INGESION_trigger_properties_master_parameters_category": {
            "type": "string",
            "defaultValue": "PCF_CBG_DATA_INGESION"
        },
        "PCF_ANZ_PERENSO_WEEKLY_LOAD_trigger_properties_master_parameters_category": {
            "type": "string",
            "defaultValue": "PCF_ANZ_PERENSO_WEEKLY_LOAD"
        }
    },
    "variables": {
        "factoryId": "[concat('Microsoft.DataFactory/factories/', parameters('factoryName'))]"
    },
    "resources": [
        {
            "name": "[concat(parameters('factoryName'), '/TH_MT_Daily_price_load_trigger')]",
            "type": "Microsoft.DataFactory/factories/triggers",
            "apiVersion": "2018-06-01",
            "properties": {
                "annotations": [],
                "runtimeState": "Started",
                "pipelines": [
                    {
                        "pipelineReference": {
                            "referenceName": "master",
                            "type": "PipelineReference"
                        },
                        "parameters": {
                            "category": "[parameters('TH_MT_Daily_price_load_trigger_properties_master_parameters_category')]"
                        }
                    }
                ],
                "type": "ScheduleTrigger",
                "typeProperties": {
                    "recurrence": {
                        "frequency": "Day",
                        "interval": 1,
                        "startTime": "2024-03-21T00:00:00",
                        "timeZone": "Singapore Standard Time",
                        "schedule": {
                            "minutes": [
                                20
                            ],
                            "hours": [
                                8
                            ]
                        }
                    }
                }
            },
            "dependsOn": []
        },
        {
            "name": "[concat(parameters('factoryName'), '/TH_PERFECTSTORE_trigger')]",
            "type": "Microsoft.DataFactory/factories/triggers",
            "apiVersion": "2018-06-01",
            "properties": {
                "annotations": [],
                "runtimeState": "Started",
                "pipelines": [
                    {
                        "pipelineReference": {
                            "referenceName": "master",
                            "type": "PipelineReference"
                        },
                        "parameters": {
                            "category": "[parameters('TH_PERFECTSTORE_trigger_properties_master_parameters_category')]"
                        }
                    }
                ],
                "type": "ScheduleTrigger",
                "typeProperties": {
                    "recurrence": {
                        "frequency": "Day",
                        "interval": 1,
                        "startTime": "2024-03-25T21:11:00",
                        "timeZone": "Singapore Standard Time",
                        "schedule": {
                            "minutes": [
                                30
                            ],
                            "hours": [
                                7
                            ]
                        }
                    }
                }
            },
            "dependsOn": []
        },
        {
            "name": "[concat(parameters('factoryName'), '/VN_MT_PERFECTSTORE_trigger')]",
            "type": "Microsoft.DataFactory/factories/triggers",
            "apiVersion": "2018-06-01",
            "properties": {
                "annotations": [],
                "runtimeState": "Started",
                "pipelines": [
                    {
                        "pipelineReference": {
                            "referenceName": "master",
                            "type": "PipelineReference"
                        },
                        "parameters": {
                            "category": "[parameters('VN_MT_PERFECTSTORE_trigger_properties_master_parameters_category')]"
                        }
                    }
                ],
                "type": "ScheduleTrigger",
                "typeProperties": {
                    "recurrence": {
                        "frequency": "Day",
                        "interval": 1,
                        "startTime": "2024-03-29T09:36:00",
                        "timeZone": "Singapore Standard Time",
                        "schedule": {
                            "minutes": [
                                50
                            ],
                            "hours": [
                                6
                            ]
                        }
                    }
                }
            },
            "dependsOn": []
        },
        {
            "name": "[concat(parameters('factoryName'), '/VN_TARGET_TOPDOOR_trigger')]",
            "type": "Microsoft.DataFactory/factories/triggers",
            "apiVersion": "2018-06-01",
            "properties": {
                "annotations": [],
                "runtimeState": "Started",
                "pipelines": [
                    {
                        "pipelineReference": {
                            "referenceName": "master",
                            "type": "PipelineReference"
                        },
                        "parameters": {
                            "category": "[parameters('VN_TARGET_TOPDOOR_trigger_properties_master_parameters_category')]"
                        }
                    }
                ],
                "type": "ScheduleTrigger",
                "typeProperties": {
                    "recurrence": {
                        "frequency": "Day",
                        "interval": 1,
                        "startTime": "2024-03-29T09:32:00",
                        "timeZone": "Singapore Standard Time",
                        "schedule": {
                            "minutes": [
                                15
                            ],
                            "hours": [
                                4,
                                15
                            ]
                        }
                    }
                }
            },
            "dependsOn": []
        },
        {
            "name": "[concat(parameters('factoryName'), '/VN_DMS_trigger')]",
            "type": "Microsoft.DataFactory/factories/triggers",
            "apiVersion": "2018-06-01",
            "properties": {
                "annotations": [],
                "runtimeState": "Started",
                "pipelines": [
                    {
                        "pipelineReference": {
                            "referenceName": "master",
                            "type": "PipelineReference"
                        },
                        "parameters": {
                            "category": "[parameters('VN_DMS_trigger_properties_master_parameters_category')]"
                        }
                    }
                ],
                "type": "ScheduleTrigger",
                "typeProperties": {
                    "recurrence": {
                        "frequency": "Day",
                        "interval": 1,
                        "startTime": "2024-03-29T09:33:00",
                        "timeZone": "Singapore Standard Time",
                        "schedule": {
                            "minutes": [
                                35
                            ],
                            "hours": [
                                5,
                                17
                            ]
                        }
                    }
                }
            },
            "dependsOn": []
        },
        {
            "name": "[concat(parameters('factoryName'), '/VN_MT_trigger')]",
            "type": "Microsoft.DataFactory/factories/triggers",
            "apiVersion": "2018-06-01",
            "properties": {
                "annotations": [],
                "runtimeState": "Started",
                "pipelines": [
                    {
                        "pipelineReference": {
                            "referenceName": "master",
                            "type": "PipelineReference"
                        },
                        "parameters": {
                            "category": "[parameters('VN_MT_trigger_properties_master_parameters_category')]"
                        }
                    }
                ],
                "type": "ScheduleTrigger",
                "typeProperties": {
                    "recurrence": {
                        "frequency": "Day",
                        "interval": 1,
                        "startTime": "2024-03-29T09:35:00",
                        "timeZone": "Singapore Standard Time",
                        "schedule": {
                            "minutes": [
                                0
                            ],
                            "hours": [
                                8
                            ]
                        }
                    }
                }
            },
            "dependsOn": []
        },
        {
            "name": "[concat(parameters('factoryName'), '/PCF_PHARM_ECOMM_trigger')]",
            "type": "Microsoft.DataFactory/factories/triggers",
            "apiVersion": "2018-06-01",
            "properties": {
                "annotations": [],
                "runtimeState": "Started",
                "pipelines": [
                    {
                        "pipelineReference": {
                            "referenceName": "master",
                            "type": "PipelineReference"
                        },
                        "parameters": {
                            "category": "[parameters('PCF_PHARM_ECOMM_trigger_properties_master_parameters_category')]"
                        }
                    }
                ],
                "type": "ScheduleTrigger",
                "typeProperties": {
                    "recurrence": {
                        "frequency": "Day",
                        "interval": 1,
                        "startTime": "2024-04-16T00:00:00",
                        "timeZone": "Singapore Standard Time",
                        "schedule": {
                            "minutes": [
                                10
                            ],
                            "hours": [
                                3
                            ]
                        }
                    }
                }
            },
            "dependsOn": []
        },
        {
            "name": "[concat(parameters('factoryName'), '/PCF_ROI_REFRESH_trigger')]",
            "type": "Microsoft.DataFactory/factories/triggers",
            "apiVersion": "2018-06-01",
            "properties": {
                "annotations": [],
                "runtimeState": "Started",
                "pipelines": [
                    {
                        "pipelineReference": {
                            "referenceName": "master",
                            "type": "PipelineReference"
                        },
                        "parameters": {
                            "category": "[parameters('PCF_ROI_REFRESH_trigger_properties_master_parameters_category')]"
                        }
                    }
                ],
                "type": "ScheduleTrigger",
                "typeProperties": {
                    "recurrence": {
                        "frequency": "Day",
                        "interval": 1,
                        "startTime": "2024-04-16T00:00:00",
                        "timeZone": "Singapore Standard Time",
                        "schedule": {
                            "minutes": [
                                0
                            ],
                            "hours": [
                                3
                            ]
                        }
                    }
                }
            },
            "dependsOn": []
        },
        {
            "name": "[concat(parameters('factoryName'), '/PCF_PERENSO_METCASH_trigger')]",
            "type": "Microsoft.DataFactory/factories/triggers",
            "apiVersion": "2018-06-01",
            "properties": {
                "annotations": [],
                "runtimeState": "Started",
                "pipelines": [
                    {
                        "pipelineReference": {
                            "referenceName": "master",
                            "type": "PipelineReference"
                        },
                        "parameters": {
                            "category": "[parameters('PCF_PERENSO_METCASH_trigger_properties_master_parameters_category')]"
                        }
                    }
                ],
                "type": "ScheduleTrigger",
                "typeProperties": {
                    "recurrence": {
                        "frequency": "Day",
                        "interval": 1,
                        "startTime": "2024-04-16T00:00:00",
                        "timeZone": "Singapore Standard Time",
                        "schedule": {
                            "minutes": [
                                0
                            ],
                            "hours": [
                                6
                            ]
                        }
                    }
                }
            },
            "dependsOn": []
        },
        {
            "name": "[concat(parameters('factoryName'), '/PCF_PERENSO_trigger')]",
            "type": "Microsoft.DataFactory/factories/triggers",
            "apiVersion": "2018-06-01",
            "properties": {
                "annotations": [],
                "runtimeState": "Started",
                "pipelines": [
                    {
                        "pipelineReference": {
                            "referenceName": "master",
                            "type": "PipelineReference"
                        },
                        "parameters": {
                            "category": "[parameters('PCF_PERENSO_trigger_properties_master_parameters_category')]"
                        }
                    }
                ],
                "type": "ScheduleTrigger",
                "typeProperties": {
                    "recurrence": {
                        "frequency": "Day",
                        "interval": 1,
                        "startTime": "2024-04-16T00:00:00",
                        "timeZone": "Singapore Standard Time",
                        "schedule": {
                            "minutes": [
                                10
                            ],
                            "hours": [
                                22
                            ]
                        }
                    }
                }
            },
            "dependsOn": []
        },
        {
            "name": "[concat(parameters('factoryName'), '/PCF_MDS_trigger')]",
            "type": "Microsoft.DataFactory/factories/triggers",
            "apiVersion": "2018-06-01",
            "properties": {
                "annotations": [],
                "runtimeState": "Started",
                "pipelines": [
                    {
                        "pipelineReference": {
                            "referenceName": "master",
                            "type": "PipelineReference"
                        },
                        "parameters": {
                            "category": "[parameters('PCF_MDS_trigger_properties_master_parameters_category')]"
                        }
                    }
                ],
                "type": "ScheduleTrigger",
                "typeProperties": {
                    "recurrence": {
                        "frequency": "Day",
                        "interval": 1,
                        "startTime": "2024-04-16T00:00:00",
                        "timeZone": "Singapore Standard Time",
                        "schedule": {
                            "minutes": [
                                40
                            ],
                            "hours": [
                                15
                            ]
                        }
                    }
                }
            },
            "dependsOn": []
        },
        {
            "name": "[concat(parameters('factoryName'), '/PCF_PAC_PHARM_trigger')]",
            "type": "Microsoft.DataFactory/factories/triggers",
            "apiVersion": "2018-06-01",
            "properties": {
                "annotations": [],
                "runtimeState": "Started",
                "pipelines": [
                    {
                        "pipelineReference": {
                            "referenceName": "master",
                            "type": "PipelineReference"
                        },
                        "parameters": {
                            "category": "[parameters('PCF_PAC_PHARM_trigger_properties_master_parameters_category')]"
                        }
                    }
                ],
                "type": "ScheduleTrigger",
                "typeProperties": {
                    "recurrence": {
                        "frequency": "Week",
                        "interval": 1,
                        "startTime": "2024-04-16T00:00:00",
                        "timeZone": "Singapore Standard Time",
                        "schedule": {
                            "minutes": [
                                20
                            ],
                            "hours": [
                                21
                            ],
                            "weekDays": [
                                "Thursday"
                            ]
                        }
                    }
                }
            },
            "dependsOn": []
        },
        {
            "name": "[concat(parameters('factoryName'), '/PCF_IRI_SCAN_SALES_trigger')]",
            "type": "Microsoft.DataFactory/factories/triggers",
            "apiVersion": "2018-06-01",
            "properties": {
                "annotations": [],
                "runtimeState": "Started",
                "pipelines": [
                    {
                        "pipelineReference": {
                            "referenceName": "master",
                            "type": "PipelineReference"
                        },
                        "parameters": {
                            "category": "[parameters('PCF_IRI_SCAN_SALES_trigger_properties_master_parameters_category')]"
                        }
                    }
                ],
                "type": "ScheduleTrigger",
                "typeProperties": {
                    "recurrence": {
                        "frequency": "Day",
                        "interval": 1,
                        "startTime": "2024-04-16T00:00:00",
                        "timeZone": "Singapore Standard Time",
                        "schedule": {
                            "minutes": [
                                45
                            ],
                            "hours": [
                                2
                            ]
                        }
                    }
                }
            },
            "dependsOn": []
        },
        {
            "name": "[concat(parameters('factoryName'), '/PCF_Cogs_ETL_Framework_trigger')]",
            "type": "Microsoft.DataFactory/factories/triggers",
            "apiVersion": "2018-06-01",
            "properties": {
                "annotations": [],
                "runtimeState": "Started",
                "pipelines": [
                    {
                        "pipelineReference": {
                            "referenceName": "master",
                            "type": "PipelineReference"
                        },
                        "parameters": {
                            "category": "[parameters('PCF_Cogs_ETL_Framework_trigger_properties_master_parameters_category')]"
                        }
                    }
                ],
                "type": "ScheduleTrigger",
                "typeProperties": {
                    "recurrence": {
                        "frequency": "Day",
                        "interval": 1,
                        "startTime": "2024-04-22T00:00:00",
                        "timeZone": "Singapore Standard Time",
                        "schedule": {
                            "minutes": [
                                30
                            ],
                            "hours": [
                                17
                            ]
                        }
                    }
                }
            },
            "dependsOn": []
        },
        {
            "name": "[concat(parameters('factoryName'), '/PCF_Inventory_Health_trigger')]",
            "type": "Microsoft.DataFactory/factories/triggers",
            "apiVersion": "2018-06-01",
            "properties": {
                "annotations": [],
                "runtimeState": "Started",
                "pipelines": [
                    {
                        "pipelineReference": {
                            "referenceName": "master",
                            "type": "PipelineReference"
                        },
                        "parameters": {
                            "category": "[parameters('PCF_Inventory_Health_trigger_properties_master_parameters_category')]"
                        }
                    }
                ],
                "type": "ScheduleTrigger",
                "typeProperties": {
                    "recurrence": {
                        "frequency": "Day",
                        "interval": 1,
                        "startTime": "2024-04-22T00:00:00",
                        "timeZone": "Singapore Standard Time",
                        "schedule": {
                            "minutes": [
                                0
                            ],
                            "hours": [
                                8
                            ]
                        }
                    }
                }
            },
            "dependsOn": []
        },
        {
            "name": "[concat(parameters('factoryName'), '/PCF_Weekly_Forecast_trigger')]",
            "type": "Microsoft.DataFactory/factories/triggers",
            "apiVersion": "2018-06-01",
            "properties": {
                "annotations": [],
                "runtimeState": "Started",
                "pipelines": [
                    {
                        "pipelineReference": {
                            "referenceName": "master",
                            "type": "PipelineReference"
                        },
                        "parameters": {
                            "category": "[parameters('PCF_Weekly_Forecast_trigger_properties_master_parameters_category')]"
                        }
                    }
                ],
                "type": "ScheduleTrigger",
                "typeProperties": {
                    "recurrence": {
                        "frequency": "Week",
                        "interval": 1,
                        "startTime": "2024-04-22T00:00:00",
                        "timeZone": "Singapore Standard Time",
                        "schedule": {
                            "minutes": [
                                30
                            ],
                            "hours": [
                                0
                            ],
                            "weekDays": [
                                "Monday"
                            ]
                        }
                    }
                }
            },
            "dependsOn": []
        },
        {
            "name": "[concat(parameters('factoryName'), '/PCF_ANZ_PERENSO_DISTRIBUTION_trigger')]",
            "type": "Microsoft.DataFactory/factories/triggers",
            "apiVersion": "2018-06-01",
            "properties": {
                "annotations": [],
                "runtimeState": "Started",
                "pipelines": [
                    {
                        "pipelineReference": {
                            "referenceName": "master",
                            "type": "PipelineReference"
                        },
                        "parameters": {
                            "category": "[parameters('PCF_ANZ_PERENSO_DISTRIBUTION_trigger_properties_master_parameters_category')]"
                        }
                    }
                ],
                "type": "ScheduleTrigger",
                "typeProperties": {
                    "recurrence": {
                        "frequency": "Week",
                        "interval": 1,
                        "startTime": "2024-04-22T00:00:00",
                        "timeZone": "Singapore Standard Time",
                        "schedule": {
                            "minutes": [
                                0
                            ],
                            "hours": [
                                15
                            ],
                            "weekDays": [
                                "Sunday"
                            ]
                        }
                    }
                }
            },
            "dependsOn": []
        },
        {
            "name": "[concat(parameters('factoryName'), '/PCF_PA_PHARMA_trigger')]",
            "type": "Microsoft.DataFactory/factories/triggers",
            "apiVersion": "2018-06-01",
            "properties": {
                "annotations": [],
                "runtimeState": "Started",
                "pipelines": [
                    {
                        "pipelineReference": {
                            "referenceName": "master",
                            "type": "PipelineReference"
                        },
                        "parameters": {
                            "category": "[parameters('PCF_PA_PHARMA_trigger_properties_master_parameters_category')]"
                        }
                    }
                ],
                "type": "ScheduleTrigger",
                "typeProperties": {
                    "recurrence": {
                        "frequency": "Day",
                        "interval": 1,
                        "startTime": "2024-04-22T00:00:00",
                        "timeZone": "Singapore Standard Time",
                        "schedule": {
                            "minutes": [
                                40
                            ],
                            "hours": [
                                16
                            ]
                        }
                    }
                }
            },
            "dependsOn": []
        },
        {
            "name": "[concat(parameters('factoryName'), '/PCF_CBG_DATA_INGESION_trigger')]",
            "type": "Microsoft.DataFactory/factories/triggers",
            "apiVersion": "2018-06-01",
            "properties": {
                "annotations": [],
                "runtimeState": "Started",
                "pipelines": [
                    {
                        "pipelineReference": {
                            "referenceName": "master",
                            "type": "PipelineReference"
                        },
                        "parameters": {
                            "category": "[parameters('PCF_CBG_DATA_INGESION_trigger_properties_master_parameters_category')]"
                        }
                    }
                ],
                "type": "ScheduleTrigger",
                "typeProperties": {
                    "recurrence": {
                        "frequency": "Day",
                        "interval": 1,
                        "startTime": "2024-04-22T00:00:00",
                        "timeZone": "Singapore Standard Time",
                        "schedule": {
                            "minutes": [
                                10
                            ],
                            "hours": [
                                21
                            ]
                        }
                    }
                }
            },
            "dependsOn": []
        },
        {
            "name": "[concat(parameters('factoryName'), '/PCF_ANZ_PERENSO_WEEKLY_LOAD_trigger')]",
            "type": "Microsoft.DataFactory/factories/triggers",
            "apiVersion": "2018-06-01",
            "properties": {
                "annotations": [],
                "runtimeState": "Started",
                "pipelines": [
                    {
                        "pipelineReference": {
                            "referenceName": "master",
                            "type": "PipelineReference"
                        },
                        "parameters": {
                            "category": "[parameters('PCF_ANZ_PERENSO_WEEKLY_LOAD_trigger_properties_master_parameters_category')]"
                        }
                    }
                ],
                "type": "ScheduleTrigger",
                "typeProperties": {
                    "recurrence": {
                        "frequency": "Day",
                        "interval": 1,
                        "startTime": "2024-04-22T00:00:00",
                        "timeZone": "Singapore Standard Time",
                        "schedule": {
                            "minutes": [
                                0
                            ],
                            "hours": [
                                6
                            ]
                        }
                    }
                }
            },
            "dependsOn": []
        }
    ]
}