{
    "$schema": "http://schema.management.azure.com/schemas/2015-01-01/deploymentTemplate.json#",
    "contentVersion": "1.0.0.0",
    "parameters": {
        "factoryName": {
            "type": "string",
            "metadata": "Data Factory name",
            "defaultValue": "adfadbprd001"
        },
        "IDN_MDS_trigger_3_properties_master_parameters_category": {
            "type": "string",
            "defaultValue": "IDN_MDS"
        },
        "IDN_MDS_trigger_4_properties_master_parameters_category": {
            "type": "string",
            "defaultValue": "IDN_MDS"
        },
        "IDN_MDS_trigger_6_properties_master_parameters_category": {
            "type": "string",
            "defaultValue": "IDN_MDS"
        },
        "IDN_MDS_trigger_2_properties_master_parameters_category": {
            "type": "string",
            "defaultValue": "IDN_MDS"
        },
        "KR_MDS_COUPANG_PREMIUM_trigger_properties_master_parameters_category": {
            "type": "string",
            "defaultValue": "KR_MDS_COUPANG_PREMIUM"
        },
        "NA_TW_IMS_trigger_properties_master_parameters_category": {
            "type": "string",
            "defaultValue": "NA_TW_IMS"
        },
        "TWSI_TARGET_INGESTION_trigger_properties_master_parameters_category": {
            "type": "string",
            "defaultValue": "TWSI_TARGET_INGESTION"
        },
        "KR_ECOMMERCE_1_trigger_properties_master_parameters_category": {
            "type": "string",
            "defaultValue": "KR_ECOMMERCE_1"
        },
        "TW_STRATEGIC_CUSTOMER_HIERARCHY_trigger_properties_master_parameters_category": {
            "type": "string",
            "defaultValue": "TW_STRATEGIC_CUSTOMER_HIERARCHY"
        },
        "NA_MDS_TW_POS_IMS_trigger_properties_master_parameters_category": {
            "type": "string",
            "defaultValue": "NA_MDS_TW_POS_IMS"
        },
        "KR_DADS_trigger_properties_master_parameters_category": {
            "type": "string",
            "defaultValue": "KR_DADS"
        },
        "KR_SFMC_NAVER_DATA_trigger_properties_master_parameters_category": {
            "type": "string",
            "defaultValue": "KR_SFMC_NAVER_DATA"
        },
        "IN_XDM_Ingestion_trigger_properties_master_parameters_category": {
            "type": "string",
            "defaultValue": "IN_XDM_Ingestion"
        },
        "INDIA_SDLITG_PWC_KAS_TBL_trigger_properties_master_parameters_category": {
            "type": "string",
            "defaultValue": "INDIA_SDLITG_PWC_KAS_TBL"
        },
        "j_india_generic_source_excel_sdl_data_ingestion_trigger_properties_master_parameters_category": {
            "type": "string",
            "defaultValue": "j_india_generic_source_excel_sdl_data_ingestion"
        },
        "IN_MDS_REFRESH_PERFECT_STORE_TRANS_trigger_properties_master_parameters_category": {
            "type": "string",
            "defaultValue": "IN_MDS_REFRESH_PERFECT_STORE_TRANS"
        },
        "INDIA_KEY_ACCOUNT_OFFTAKE_trigger_properties_master_parameters_category": {
            "type": "string",
            "defaultValue": "INDIA_KEY_ACCOUNT_OFFTAKE"
        },
        "In_Finance_Simulator_Ingestion_trigger_properties_master_parameters_category": {
            "type": "string",
            "defaultValue": "In_Finance_Simulator_Ingestion"
        },
        "ETL_XDM_TLRSR_LOAD_TRIGGER_properties_master_parameters_category": {
            "type": "string",
            "defaultValue": "ETL_XDM_TLRSR_LOAD"
        },
        "India_RT_trigger_properties_master_parameters_category": {
            "type": "string",
            "defaultValue": "India_RT"
        }
    },
    "variables": {
        "factoryId": "[concat('Microsoft.DataFactory/factories/', parameters('factoryName'))]"
    },
    "resources": [
        {
            "name": "[concat(parameters('factoryName'), '/IDN_MDS_trigger_3')]",
            "type": "Microsoft.DataFactory/factories/triggers",
            "apiVersion": "2018-06-01",
            "properties": {
                "annotations": [],
                "runtimeState": "Started",
                "pipelines": [
                    {
                        "pipelineReference": {
                            "referenceName": "master",
                            "type": "PipelineReference"
                        },
                        "parameters": {
                            "category": "[parameters('IDN_MDS_trigger_3_properties_master_parameters_category')]"
                        }
                    }
                ],
                "type": "ScheduleTrigger",
                "typeProperties": {
                    "recurrence": {
                        "frequency": "Day",
                        "interval": 1,
                        "startTime": "2024-06-04T14:14:00",
                        "timeZone": "Singapore Standard Time",
                        "schedule": {
                            "minutes": [
                                40
                            ],
                            "hours": [
                                11,
                                16
                            ]
                        }
                    }
                }
            },
            "dependsOn": []
        },
        {
            "name": "[concat(parameters('factoryName'), '/IDN_MDS_trigger_4')]",
            "type": "Microsoft.DataFactory/factories/triggers",
            "apiVersion": "2018-06-01",
            "properties": {
                "annotations": [],
                "runtimeState": "Started",
                "pipelines": [
                    {
                        "pipelineReference": {
                            "referenceName": "master",
                            "type": "PipelineReference"
                        },
                        "parameters": {
                            "category": "[parameters('IDN_MDS_trigger_4_properties_master_parameters_category')]"
                        }
                    }
                ],
                "type": "ScheduleTrigger",
                "typeProperties": {
                    "recurrence": {
                        "frequency": "Day",
                        "interval": 1,
                        "startTime": "2024-06-04T14:15:00",
                        "timeZone": "Singapore Standard Time",
                        "schedule": {
                            "minutes": [
                                30
                            ],
                            "hours": [
                                12,
                                17
                            ]
                        }
                    }
                }
            },
            "dependsOn": []
        },
        {
            "name": "[concat(parameters('factoryName'), '/IDN_MDS_trigger_6')]",
            "type": "Microsoft.DataFactory/factories/triggers",
            "apiVersion": "2018-06-01",
            "properties": {
                "annotations": [],
                "runtimeState": "Started",
                "pipelines": [
                    {
                        "pipelineReference": {
                            "referenceName": "master",
                            "type": "PipelineReference"
                        },
                        "parameters": {
                            "category": "[parameters('IDN_MDS_trigger_6_properties_master_parameters_category')]"
                        }
                    }
                ],
                "type": "ScheduleTrigger",
                "typeProperties": {
                    "recurrence": {
                        "frequency": "Day",
                        "interval": 1,
                        "startTime": "2024-06-04T14:17:00",
                        "timeZone": "Singapore Standard Time",
                        "schedule": {
                            "minutes": [
                                10
                            ],
                            "hours": [
                                14,
                                19
                            ]
                        }
                    }
                }
            },
            "dependsOn": []
        },
        {
            "name": "[concat(parameters('factoryName'), '/IDN_MDS_trigger_2')]",
            "type": "Microsoft.DataFactory/factories/triggers",
            "apiVersion": "2018-06-01",
            "properties": {
                "annotations": [],
                "runtimeState": "Started",
                "pipelines": [
                    {
                        "pipelineReference": {
                            "referenceName": "master",
                            "type": "PipelineReference"
                        },
                        "parameters": {
                            "category": "[parameters('IDN_MDS_trigger_2_properties_master_parameters_category')]"
                        }
                    }
                ],
                "type": "ScheduleTrigger",
                "typeProperties": {
                    "recurrence": {
                        "frequency": "Day",
                        "interval": 1,
                        "startTime": "2024-06-04T00:00:00",
                        "timeZone": "Singapore Standard Time",
                        "schedule": {
                            "minutes": [
                                50
                            ],
                            "hours": [
                                10,
                                15
                            ]
                        }
                    }
                }
            },
            "dependsOn": []
        },
        {
            "name": "[concat(parameters('factoryName'), '/KR_MDS_COUPANG_PREMIUM_trigger')]",
            "type": "Microsoft.DataFactory/factories/triggers",
            "apiVersion": "2018-06-01",
            "properties": {
                "annotations": [],
                "runtimeState": "Started",
                "pipelines": [
                    {
                        "pipelineReference": {
                            "referenceName": "master",
                            "type": "PipelineReference"
                        },
                        "parameters": {
                            "category": "[parameters('KR_MDS_COUPANG_PREMIUM_trigger_properties_master_parameters_category')]"
                        }
                    }
                ],
                "type": "ScheduleTrigger",
                "typeProperties": {
                    "recurrence": {
                        "frequency": "Day",
                        "interval": 1,
                        "startTime": "2024-06-11T11:56:00",
                        "timeZone": "Singapore Standard Time",
                        "schedule": {
                            "minutes": [
                                0
                            ],
                            "hours": [
                                13
                            ]
                        }
                    }
                }
            },
            "dependsOn": []
        },
        {
            "name": "[concat(parameters('factoryName'), '/NA_TW_IMS_trigger')]",
            "type": "Microsoft.DataFactory/factories/triggers",
            "apiVersion": "2018-06-01",
            "properties": {
                "annotations": [],
                "runtimeState": "Started",
                "pipelines": [
                    {
                        "pipelineReference": {
                            "referenceName": "master",
                            "type": "PipelineReference"
                        },
                        "parameters": {
                            "category": "[parameters('NA_TW_IMS_trigger_properties_master_parameters_category')]"
                        }
                    }
                ],
                "type": "ScheduleTrigger",
                "typeProperties": {
                    "recurrence": {
                        "frequency": "Day",
                        "interval": 1,
                        "startTime": "2024-06-11T12:05:00",
                        "timeZone": "Singapore Standard Time",
                        "schedule": {
                            "minutes": [
                                45
                            ],
                            "hours": [
                                0
                            ]
                        }
                    }
                }
            },
            "dependsOn": []
        },
        {
            "name": "[concat(parameters('factoryName'), '/TWSI_TARGET_INGESTION_trigger')]",
            "type": "Microsoft.DataFactory/factories/triggers",
            "apiVersion": "2018-06-01",
            "properties": {
                "annotations": [],
                "runtimeState": "Started",
                "pipelines": [
                    {
                        "pipelineReference": {
                            "referenceName": "master",
                            "type": "PipelineReference"
                        },
                        "parameters": {
                            "category": "[parameters('TWSI_TARGET_INGESTION_trigger_properties_master_parameters_category')]"
                        }
                    }
                ],
                "type": "ScheduleTrigger",
                "typeProperties": {
                    "recurrence": {
                        "frequency": "Day",
                        "interval": 1,
                        "startTime": "2024-06-11T12:08:00",
                        "timeZone": "Singapore Standard Time",
                        "schedule": {
                            "minutes": [
                                0
                            ],
                            "hours": [
                                20
                            ]
                        }
                    }
                }
            },
            "dependsOn": []
        },
        {
            "name": "[concat(parameters('factoryName'), '/KR_ECOMMERCE_1_trigger')]",
            "type": "Microsoft.DataFactory/factories/triggers",
            "apiVersion": "2018-06-01",
            "properties": {
                "annotations": [],
                "runtimeState": "Started",
                "pipelines": [
                    {
                        "pipelineReference": {
                            "referenceName": "master",
                            "type": "PipelineReference"
                        },
                        "parameters": {
                            "category": "[parameters('KR_ECOMMERCE_1_trigger_properties_master_parameters_category')]"
                        }
                    }
                ],
                "type": "ScheduleTrigger",
                "typeProperties": {
                    "recurrence": {
                        "frequency": "Day",
                        "interval": 1,
                        "startTime": "2024-06-11T11:54:00",
                        "timeZone": "Singapore Standard Time",
                        "schedule": {
                            "minutes": [
                                30
                            ],
                            "hours": [
                                23
                            ]
                        }
                    }
                }
            },
            "dependsOn": []
        },
        {
            "name": "[concat(parameters('factoryName'), '/TW_STRATEGIC_CUSTOMER_HIERARCHY_trigger')]",
            "type": "Microsoft.DataFactory/factories/triggers",
            "apiVersion": "2018-06-01",
            "properties": {
                "annotations": [],
                "runtimeState": "Started",
                "pipelines": [
                    {
                        "pipelineReference": {
                            "referenceName": "master",
                            "type": "PipelineReference"
                        },
                        "parameters": {
                            "category": "[parameters('TW_STRATEGIC_CUSTOMER_HIERARCHY_trigger_properties_master_parameters_category')]"
                        }
                    }
                ],
                "type": "ScheduleTrigger",
                "typeProperties": {
                    "recurrence": {
                        "frequency": "Day",
                        "interval": 1,
                        "startTime": "2024-06-11T12:06:00",
                        "timeZone": "Singapore Standard Time",
                        "schedule": {
                            "minutes": [
                                30
                            ],
                            "hours": [
                                9
                            ]
                        }
                    }
                }
            },
            "dependsOn": []
        },
        {
            "name": "[concat(parameters('factoryName'), '/NA_MDS_TW_POS_IMS_trigger')]",
            "type": "Microsoft.DataFactory/factories/triggers",
            "apiVersion": "2018-06-01",
            "properties": {
                "annotations": [],
                "runtimeState": "Started",
                "pipelines": [
                    {
                        "pipelineReference": {
                            "referenceName": "master",
                            "type": "PipelineReference"
                        },
                        "parameters": {
                            "category": "[parameters('NA_MDS_TW_POS_IMS_trigger_properties_master_parameters_category')]"
                        }
                    }
                ],
                "type": "ScheduleTrigger",
                "typeProperties": {
                    "recurrence": {
                        "frequency": "Day",
                        "interval": 1,
                        "startTime": "2024-06-11T12:02:00",
                        "timeZone": "Singapore Standard Time",
                        "schedule": {
                            "minutes": [
                                0
                            ],
                            "hours": [
                                0,
                                23
                            ]
                        }
                    }
                }
            },
            "dependsOn": []
        },
        {
            "name": "[concat(parameters('factoryName'), '/KR_DADS_trigger')]",
            "type": "Microsoft.DataFactory/factories/triggers",
            "apiVersion": "2018-06-01",
            "properties": {
                "annotations": [],
                "runtimeState": "Started",
                "pipelines": [
                    {
                        "pipelineReference": {
                            "referenceName": "master",
                            "type": "PipelineReference"
                        },
                        "parameters": {
                            "category": "[parameters('KR_DADS_trigger_properties_master_parameters_category')]"
                        }
                    }
                ],
                "type": "ScheduleTrigger",
                "typeProperties": {
                    "recurrence": {
                        "frequency": "Day",
                        "interval": 1,
                        "startTime": "2024-06-11T11:52:00",
                        "timeZone": "Singapore Standard Time",
                        "schedule": {
                            "minutes": [
                                20
                            ],
                            "hours": [
                                10
                            ]
                        }
                    }
                }
            },
            "dependsOn": []
        },
        {
            "name": "[concat(parameters('factoryName'), '/KR_SFMC_NAVER_DATA_trigger')]",
            "type": "Microsoft.DataFactory/factories/triggers",
            "apiVersion": "2018-06-01",
            "properties": {
                "annotations": [],
                "runtimeState": "Started",
                "pipelines": [
                    {
                        "pipelineReference": {
                            "referenceName": "master",
                            "type": "PipelineReference"
                        },
                        "parameters": {
                            "category": "[parameters('KR_SFMC_NAVER_DATA_trigger_properties_master_parameters_category')]"
                        }
                    }
                ],
                "type": "ScheduleTrigger",
                "typeProperties": {
                    "recurrence": {
                        "frequency": "Day",
                        "interval": 1,
                        "startTime": "2024-06-11T11:57:00",
                        "timeZone": "Singapore Standard Time",
                        "schedule": {
                            "minutes": [
                                50
                            ],
                            "hours": [
                                16
                            ]
                        }
                    }
                }
            },
            "dependsOn": []
        },
        {
            "name": "[concat(parameters('factoryName'), '/IN_XDM_Ingestion_trigger')]",
            "type": "Microsoft.DataFactory/factories/triggers",
            "apiVersion": "2018-06-01",
            "properties": {
                "annotations": [],
                "runtimeState": "Started",
                "pipelines": [
                    {
                        "pipelineReference": {
                            "referenceName": "master",
                            "type": "PipelineReference"
                        },
                        "parameters": {
                            "category": "[parameters('IN_XDM_Ingestion_trigger_properties_master_parameters_category')]"
                        }
                    }
                ],
                "type": "ScheduleTrigger",
                "typeProperties": {
                    "recurrence": {
                        "frequency": "Day",
                        "interval": 1,
                        "startTime": "2024-06-20T14:24:00",
                        "timeZone": "Singapore Standard Time",
                        "schedule": {
                            "minutes": [
                                0
                            ],
                            "hours": [
                                4
                            ]
                        }
                    }
                }
            },
            "dependsOn": []
        },
        {
            "name": "[concat(parameters('factoryName'), '/INDIA_SDLITG_PWC_KAS_TBL_trigger')]",
            "type": "Microsoft.DataFactory/factories/triggers",
            "apiVersion": "2018-06-01",
            "properties": {
                "annotations": [],
                "runtimeState": "Started",
                "pipelines": [
                    {
                        "pipelineReference": {
                            "referenceName": "master",
                            "type": "PipelineReference"
                        },
                        "parameters": {
                            "category": "[parameters('INDIA_SDLITG_PWC_KAS_TBL_trigger_properties_master_parameters_category')]"
                        }
                    }
                ],
                "type": "ScheduleTrigger",
                "typeProperties": {
                    "recurrence": {
                        "frequency": "Day",
                        "interval": 1,
                        "startTime": "2024-06-20T14:23:00",
                        "timeZone": "Singapore Standard Time",
                        "schedule": {
                            "minutes": [
                                0
                            ],
                            "hours": [
                                8
                            ]
                        }
                    }
                }
            },
            "dependsOn": []
        },
        {
            "name": "[concat(parameters('factoryName'), '/j_india_generic_source_excel_sdl_data_ingestion_trigger')]",
            "type": "Microsoft.DataFactory/factories/triggers",
            "apiVersion": "2018-06-01",
            "properties": {
                "annotations": [],
                "runtimeState": "Started",
                "pipelines": [
                    {
                        "pipelineReference": {
                            "referenceName": "master",
                            "type": "PipelineReference"
                        },
                        "parameters": {
                            "category": "[parameters('j_india_generic_source_excel_sdl_data_ingestion_trigger_properties_master_parameters_category')]"
                        }
                    }
                ],
                "type": "ScheduleTrigger",
                "typeProperties": {
                    "recurrence": {
                        "frequency": "Day",
                        "interval": 1,
                        "startTime": "2024-06-20T14:28:00",
                        "timeZone": "Singapore Standard Time",
                        "schedule": {
                            "minutes": [
                                0
                            ],
                            "hours": [
                                21
                            ]
                        }
                    }
                }
            },
            "dependsOn": []
        },
        {
            "name": "[concat(parameters('factoryName'), '/IN_MDS_REFRESH_PERFECT_STORE_TRANS_trigger')]",
            "type": "Microsoft.DataFactory/factories/triggers",
            "apiVersion": "2018-06-01",
            "properties": {
                "annotations": [],
                "runtimeState": "Started",
                "pipelines": [
                    {
                        "pipelineReference": {
                            "referenceName": "master",
                            "type": "PipelineReference"
                        },
                        "parameters": {
                            "category": "[parameters('IN_MDS_REFRESH_PERFECT_STORE_TRANS_trigger_properties_master_parameters_category')]"
                        }
                    }
                ],
                "type": "ScheduleTrigger",
                "typeProperties": {
                    "recurrence": {
                        "frequency": "Day",
                        "interval": 1,
                        "startTime": "2024-06-20T14:27:00",
                        "timeZone": "Singapore Standard Time",
                        "schedule": {
                            "minutes": [
                                0
                            ],
                            "hours": [
                                1
                            ]
                        }
                    }
                }
            },
            "dependsOn": []
        },
        {
            "name": "[concat(parameters('factoryName'), '/INDIA_KEY_ACCOUNT_OFFTAKE_trigger')]",
            "type": "Microsoft.DataFactory/factories/triggers",
            "apiVersion": "2018-06-01",
            "properties": {
                "annotations": [],
                "runtimeState": "Started",
                "pipelines": [
                    {
                        "pipelineReference": {
                            "referenceName": "master",
                            "type": "PipelineReference"
                        },
                        "parameters": {
                            "category": "[parameters('INDIA_KEY_ACCOUNT_OFFTAKE_trigger_properties_master_parameters_category')]"
                        }
                    }
                ],
                "type": "ScheduleTrigger",
                "typeProperties": {
                    "recurrence": {
                        "frequency": "Day",
                        "interval": 1,
                        "startTime": "2024-06-20T00:00:00",
                        "timeZone": "Singapore Standard Time",
                        "schedule": {
                            "minutes": [
                                30
                            ],
                            "hours": [
                                0
                            ]
                        }
                    }
                }
            },
            "dependsOn": []
        },
        {
            "name": "[concat(parameters('factoryName'), '/In_Finance_Simulator_Ingestion_trigger')]",
            "type": "Microsoft.DataFactory/factories/triggers",
            "apiVersion": "2018-06-01",
            "properties": {
                "annotations": [],
                "runtimeState": "Started",
                "pipelines": [
                    {
                        "pipelineReference": {
                            "referenceName": "master",
                            "type": "PipelineReference"
                        },
                        "parameters": {
                            "category": "[parameters('In_Finance_Simulator_Ingestion_trigger_properties_master_parameters_category')]"
                        }
                    }
                ],
                "type": "ScheduleTrigger",
                "typeProperties": {
                    "recurrence": {
                        "frequency": "Month",
                        "interval": 1,
                        "startTime": "2024-06-20T14:25:00",
                        "timeZone": "Singapore Standard Time",
                        "schedule": {
                            "minutes": [
                                0
                            ],
                            "hours": [
                                10
                            ],
                            "monthDays": [
                                7,
                                21
                            ]
                        }
                    }
                }
            },
            "dependsOn": []
        },
        {
            "name": "[concat(parameters('factoryName'), '/ETL_XDM_TLRSR_LOAD_TRIGGER')]",
            "type": "Microsoft.DataFactory/factories/triggers",
            "apiVersion": "2018-06-01",
            "properties": {
                "annotations": [],
                "runtimeState": "Started",
                "pipelines": [
                    {
                        "pipelineReference": {
                            "referenceName": "master",
                            "type": "PipelineReference"
                        },
                        "parameters": {
                            "category": "[parameters('ETL_XDM_TLRSR_LOAD_TRIGGER_properties_master_parameters_category')]"
                        }
                    }
                ],
                "type": "ScheduleTrigger",
                "typeProperties": {
                    "recurrence": {
                        "frequency": "Day",
                        "interval": 1,
                        "startTime": "2024-06-20T14:26:00",
                        "timeZone": "Singapore Standard Time",
                        "schedule": {
                            "minutes": [
                                35
                            ],
                            "hours": [
                                1
                            ]
                        }
                    }
                }
            },
            "dependsOn": []
        },
        {
            "name": "[concat(parameters('factoryName'), '/India_RT_trigger')]",
            "type": "Microsoft.DataFactory/factories/triggers",
            "apiVersion": "2018-06-01",
            "properties": {
                "annotations": [],
                "runtimeState": "Started",
                "pipelines": [
                    {
                        "pipelineReference": {
                            "referenceName": "master",
                            "type": "PipelineReference"
                        },
                        "parameters": {
                            "category": "[parameters('India_RT_trigger_properties_master_parameters_category')]"
                        }
                    }
                ],
                "type": "ScheduleTrigger",
                "typeProperties": {
                    "recurrence": {
                        "frequency": "Day",
                        "interval": 1,
                        "startTime": "2024-06-20T14:23:00",
                        "timeZone": "Singapore Standard Time",
                        "schedule": {
                            "minutes": [
                                0
                            ],
                            "hours": [
                                2
                            ]
                        }
                    }
                }
            },
            "dependsOn": []
        }
    ]
}