{
    "$schema": "http://schema.management.azure.com/schemas/2015-01-01/deploymentTemplate.json#",
    "contentVersion": "1.0.0.0",
    "parameters": {
        "factoryName": {
            "type": "string",
            "metadata": "Data Factory name",
            "defaultValue": "adfadbprd001"
        },
        "adfadbplt001lsmarketingcloudopsjpndcl_passPhrase": {
            "type": "secureString",
            "metadata": "Secure string for 'passPhrase' of 'adfadbplt001lsmarketingcloudopsjpndcl'"
        },
        "adfiradbplt002_properties_typeProperties_linkedInfo_resourceId": {
            "type": "string",
            "defaultValue": "/subscriptions/00ab5361-0cd5-44b3-b4df-8f24e00fe1df/resourcegroups/AZR-WEK-rg-adf-adb-001/providers/Microsoft.DataFactory/factories/adfadbplt001/integrationruntimes/adfiradbplt002"
        },
        "adfiradbplt003_properties_typeProperties_linkedInfo_resourceId": {
            "type": "string",
            "defaultValue": "/subscriptions/00ab5361-0cd5-44b3-b4df-8f24e00fe1df/resourcegroups/AZR-WEK-rg-adf-adb-001/providers/Microsoft.DataFactory/factories/adfadbplt001/integrationruntimes/adfiradbplt003"
        },
        "adfadbplt001lsakvadbplt001_properties_typeProperties_baseUrl": {
            "type": "string",
            "defaultValue": "https://akvadbplt001.vault.azure.net/"
        },
        "adfadbplt001lsdlsadbplt001_properties_typeProperties_url": {
            "type": "string",
            "defaultValue": "https://dlsadbplt001.dfs.core.windows.net/"
        },
        "adfadbplt001lsawswdvsgpw0006_properties_typeProperties_connectionString_secretName": {
            "type": "string",
            "defaultValue": "adfadbplt001lsawswdvsgpw0006"
        },
        "adfadbplt001lsarsadpprd001_properties_typeProperties_server": {
            "type": "string",
            "defaultValue": "conap-dna-prod.c1opccqxcdw2.ap-southeast-1.redshift.amazonaws.com"
        },
        "adfadbplt001lsarsadpprd001_properties_typeProperties_database": {
            "type": "string",
            "defaultValue": "conapdna"
        },
        "adfadbplt001lsarsadpprd001_properties_typeProperties_username": {
            "type": "string",
            "defaultValue": "sa-jnj-kdp-local"
        },
        "adfadbplt001lsas3adpprd001_properties_typeProperties_accessKeyId": {
            "type": "object",
            "defaultValue": {
                "type": "AzureKeyVaultSecret",
                "store": {
                    "referenceName": "adfadbplt001lsakvadbplt001",
                    "type": "LinkedServiceReference"
                },
                "secretName": "adfadbplt001lsas3adpprd001-AccessID"
            }
        },
        "adfadbsbx001lsazrweksgpw0003_properties_typeProperties_url": {
            "type": "string",
            "defaultValue": "https://azrweksgpw0002.kenvue.com/api.rsc/"
        },
        "adfadbplt001lspltbitabap_properties_typeProperties_url": {
            "type": "string",
            "defaultValue": "https://prdbitabap.kenvue.com/api/3.17/"
        },
        "adfadbplt001lsawswfqsgpw0003_properties_typeProperties_connectionString_secretName": {
            "type": "string",
            "defaultValue": "adfadbplt001lsawswfqsgpw0003"
        },
        "adfadbplt001lsawswfgsgpw0002_properties_typeProperties_host": {
            "type": "string",
            "defaultValue": "\\\\10.225.18.150\\Data Transfer\\Outbound"
        },
        "adfadbplt001lsawswfgsgpw0002_properties_typeProperties_userId": {
            "type": "string",
            "defaultValue": "jx2.com\\SA-JX2-CAPDNAANZ"
        },
        "adfadbplt001lsawsbtasgpw0000_properties_typeProperties_host": {
            "type": "string",
            "defaultValue": "\\\\AWSBTASGPW0000.jx2.com\\IRTHST"
        },
        "adfadbplt001lsawsbtasgpw0000_properties_typeProperties_userId": {
            "type": "string",
            "defaultValue": "jx2.com\\SA-JX2-TIM"
        },
        "adfadbplt001lsazrwbudbxprod_properties_typeProperties_connectionString_secretName": {
            "type": "string",
            "defaultValue": "adfadbplt001lsazrwbudbxprod"
        },
        "adfadbplt001lsdmsindprd001_properties_typeProperties_server": {
            "type": "string",
            "defaultValue": "vpce-099a59854e0767b42-7bpfvs80.vpce-svc-0a36231669f511a9a.ap-southeast-1.vpce.amazonaws.com"
        },
        "adfadbplt001lsdmsindprd001_properties_typeProperties_database": {
            "type": "string",
            "defaultValue": "csngjnjreport"
        },
        "adfadbplt001lsdmsindprd001_properties_typeProperties_username": {
            "type": "string",
            "defaultValue": "AS_DNA"
        },
        "adfadbplt001lsawsbmntkyl0021jnjcom_properties_typeProperties_connectionString_secretName": {
            "type": "string",
            "defaultValue": "adfadbplt001lsawsbmntkyl0021jnjcom"
        },
        "adfadbplt001lsmarketingcloudopsjpndcl_properties_typeProperties_host": {
            "type": "string",
            "defaultValue": "mcnvnrvjjt-90nt78v6wpjkyzvp8.ftp.marketingcloudops.com"
        },
        "adfadbplt001lsmarketingcloudopsjpndcl_properties_typeProperties_userName": {
            "type": "string",
            "defaultValue": "518007108_4"
        },
        "adfadbplt001lsawsbmntkyl001y_properties_typeProperties_connectionString_secretName": {
            "type": "string",
            "defaultValue": "adfadbplt001lsawsbmntkyl001y"
        }
    },
    "variables": {
        "factoryId": "[concat('Microsoft.DataFactory/factories/', parameters('factoryName'))]"
    },
    "resources": [
        {
            "name": "[concat(parameters('factoryName'), '/adfiradbplt002')]",
            "type": "Microsoft.DataFactory/factories/integrationRuntimes",
            "apiVersion": "2018-06-01",
            "properties": {
                "type": "SelfHosted",
                "typeProperties": {
                    "linkedInfo": {
                        "resourceId": "[parameters('adfiradbplt002_properties_typeProperties_linkedInfo_resourceId')]",
                        "authorizationType": "Rbac"
                    }
                }
            },
            "dependsOn": []
        },
        {
            "name": "[concat(parameters('factoryName'), '/adfiradbplt003')]",
            "type": "Microsoft.DataFactory/factories/integrationRuntimes",
            "apiVersion": "2018-06-01",
            "properties": {
                "type": "SelfHosted",
                "typeProperties": {
                    "linkedInfo": {
                        "resourceId": "[parameters('adfiradbplt003_properties_typeProperties_linkedInfo_resourceId')]",
                        "authorizationType": "Rbac"
                    }
                }
            },
            "dependsOn": []
        },
        {
            "name": "[concat(parameters('factoryName'), '/adfadbplt001lsakvadbplt001')]",
            "type": "Microsoft.DataFactory/factories/linkedServices",
            "apiVersion": "2018-06-01",
            "properties": {
                "description": "Linked Service to Kenvue APAC DNA BASE Key Vault",
                "annotations": [],
                "type": "AzureKeyVault",
                "typeProperties": {
                    "baseUrl": "[parameters('adfadbplt001lsakvadbplt001_properties_typeProperties_baseUrl')]"
                }
            },
            "dependsOn": []
        },
        {
            "name": "[concat(parameters('factoryName'), '/default')]",
            "type": "Microsoft.DataFactory/factories/managedVirtualNetworks",
            "apiVersion": "2018-06-01",
            "properties": {},
            "dependsOn": []
        },
        {
            "name": "[concat(parameters('factoryName'), '/AutoResolveIntegrationRuntime')]",
            "type": "Microsoft.DataFactory/factories/integrationRuntimes",
            "apiVersion": "2018-06-01",
            "properties": {
                "type": "Managed",
                "typeProperties": {
                    "computeProperties": {
                        "location": "AutoResolve",
                        "dataFlowProperties": {
                            "computeType": "General",
                            "coreCount": 8,
                            "timeToLive": 0
                        }
                    }
                },
                "managedVirtualNetwork": {
                    "type": "ManagedVirtualNetworkReference",
                    "referenceName": "default"
                }
            },
            "dependsOn": [
                "[concat(variables('factoryId'), '/managedVirtualNetworks/default')]"
            ]
        },
        {
            "name": "[concat(parameters('factoryName'), '/adfiradbplt001')]",
            "type": "Microsoft.DataFactory/factories/integrationRuntimes",
            "apiVersion": "2018-06-01",
            "properties": {
                "type": "Managed",
                "typeProperties": {
                    "computeProperties": {
                        "location": "Southeast Asia",
                        "dataFlowProperties": {
                            "computeType": "General",
                            "coreCount": 8,
                            "timeToLive": 10,
                            "cleanup": false,
                            "customProperties": []
                        },
                        "copyComputeScaleProperties": {
                            "dataIntegrationUnit": 256,
                            "timeToLive": 15
                        },
                        "pipelineExternalComputeScaleProperties": {
                            "timeToLive": 30,
                            "numberOfPipelineNodes": 4,
                            "numberOfExternalNodes": 4
                        }
                    }
                },
                "managedVirtualNetwork": {
                    "type": "ManagedVirtualNetworkReference",
                    "referenceName": "default"
                }
            },
            "dependsOn": [
                "[concat(variables('factoryId'), '/managedVirtualNetworks/default')]"
            ]
        },
        {
            "name": "[concat(parameters('factoryName'), '/adfadbplt001lsdlsadbplt001')]",
            "type": "Microsoft.DataFactory/factories/linkedServices",
            "apiVersion": "2018-06-01",
            "properties": {
                "description": "Linked Service to Kenvue APAC DNA BASE ADLS Container for Landing zone",
                "annotations": [],
                "type": "AzureBlobFS",
                "typeProperties": {
                    "url": "[parameters('adfadbplt001lsdlsadbplt001_properties_typeProperties_url')]"
                },
                "connectVia": {
                    "referenceName": "adfiradbplt002",
                    "type": "IntegrationRuntimeReference"
                }
            },
            "dependsOn": [
                "[concat(variables('factoryId'), '/integrationRuntimes/adfiradbplt002')]"
            ]
        },
        {
            "name": "[concat(parameters('factoryName'), '/adfadbplt001lsawswdvsgpw0006')]",
            "type": "Microsoft.DataFactory/factories/linkedServices",
            "apiVersion": "2018-06-01",
            "properties": {
                "description": "Linked Service to Kenvue APAC MDS Production",
                "annotations": [],
                "type": "SqlServer",
                "typeProperties": {
                    "connectionString": {
                        "type": "AzureKeyVaultSecret",
                        "store": {
                            "referenceName": "adfadbplt001lsakvadbplt001",
                            "type": "LinkedServiceReference"
                        },
                        "secretName": "[parameters('adfadbplt001lsawswdvsgpw0006_properties_typeProperties_connectionString_secretName')]"
                    }
                },
                "connectVia": {
                    "referenceName": "adfiradbplt002",
                    "type": "IntegrationRuntimeReference"
                }
            },
            "dependsOn": [
                "[concat(variables('factoryId'), '/integrationRuntimes/adfiradbplt002')]",
                "[concat(variables('factoryId'), '/linkedServices/adfadbplt001lsakvadbplt001')]"
            ]
        },
        {
            "name": "[concat(parameters('factoryName'), '/adfadbplt001lsarsadpprd001')]",
            "type": "Microsoft.DataFactory/factories/linkedServices",
            "apiVersion": "2018-06-01",
            "properties": {
                "description": "Linked Service to JnJ APAC DNA PLATFORM AWS Redshift in Production environment",
                "annotations": [],
                "type": "AmazonRedshift",
                "typeProperties": {
                    "server": "[parameters('adfadbplt001lsarsadpprd001_properties_typeProperties_server')]",
                    "database": "[parameters('adfadbplt001lsarsadpprd001_properties_typeProperties_database')]",
                    "port": 5439,
                    "username": "[parameters('adfadbplt001lsarsadpprd001_properties_typeProperties_username')]",
                    "password": {
                        "type": "AzureKeyVaultSecret",
                        "store": {
                            "referenceName": "adfadbplt001lsakvadbplt001",
                            "type": "LinkedServiceReference"
                        },
                        "secretName": "adfadbplt001lsarsadpprd001"
                    }
                },
                "connectVia": {
                    "referenceName": "adfiradbplt002",
                    "type": "IntegrationRuntimeReference"
                }
            },
            "dependsOn": [
                "[concat(variables('factoryId'), '/integrationRuntimes/adfiradbplt002')]",
                "[concat(variables('factoryId'), '/linkedServices/adfadbplt001lsakvadbplt001')]"
            ]
        },
        {
            "name": "[concat(parameters('factoryName'), '/adfadbplt001lsas3adpprd001')]",
            "type": "Microsoft.DataFactory/factories/linkedServices",
            "apiVersion": "2018-06-01",
            "properties": {
                "description": "Linked Service to JnJ APAC DNA PLATFORM AWS S3 in Production environment",
                "annotations": [],
                "type": "AmazonS3",
                "typeProperties": {
                    "serviceUrl": "https://s3.amazonaws.com",
                    "accessKeyId": "[parameters('adfadbplt001lsas3adpprd001_properties_typeProperties_accessKeyId')]",
                    "secretAccessKey": {
                        "type": "AzureKeyVaultSecret",
                        "store": {
                            "referenceName": "adfadbplt001lsakvadbplt001",
                            "type": "LinkedServiceReference"
                        },
                        "secretName": "adfadbplt001lsas3adpprd001-SecretAccessKey"
                    },
                    "authenticationType": "AccessKey"
                },
                "connectVia": {
                    "referenceName": "adfiradbplt002",
                    "type": "IntegrationRuntimeReference"
                }
            },
            "dependsOn": [
                "[concat(variables('factoryId'), '/integrationRuntimes/adfiradbplt002')]",
                "[concat(variables('factoryId'), '/linkedServices/adfadbplt001lsakvadbplt001')]"
            ]
        },
        {
            "name": "[concat(parameters('factoryName'), '/adfadbsbx001lsazrweksgpw0003')]",
            "type": "Microsoft.DataFactory/factories/linkedServices",
            "apiVersion": "2018-06-01",
            "properties": {
                "description": "Linked Service to Kenvue APAC DNA BASE CData Sync Rest API",
                "annotations": [],
                "type": "RestService",
                "typeProperties": {
                    "url": "[parameters('adfadbsbx001lsazrweksgpw0003_properties_typeProperties_url')]",
                    "enableServerCertificateValidation": true,
                    "authenticationType": "Anonymous",
                    "authHeaders": {
                        "x-cdata-authtoken": {
                            "type": "AzureKeyVaultSecret",
                            "store": {
                                "referenceName": "adfadbplt001lsakvadbplt001",
                                "type": "LinkedServiceReference"
                            },
                            "secretName": "adfadbplt001lsazrweksgpw0002"
                        }
                    }
                },
                "connectVia": {
                    "referenceName": "adfiradbplt002",
                    "type": "IntegrationRuntimeReference"
                }
            },
            "dependsOn": [
                "[concat(variables('factoryId'), '/integrationRuntimes/adfiradbplt002')]",
                "[concat(variables('factoryId'), '/linkedServices/adfadbplt001lsakvadbplt001')]"
            ]
        },
        {
            "name": "[concat(parameters('factoryName'), '/adfadbplt001lspltbitabap')]",
            "type": "Microsoft.DataFactory/factories/linkedServices",
            "apiVersion": "2018-06-01",
            "properties": {
                "description": "Linked Service to Tableau Rest API",
                "annotations": [],
                "type": "RestService",
                "typeProperties": {
                    "url": "[parameters('adfadbplt001lspltbitabap_properties_typeProperties_url')]",
                    "enableServerCertificateValidation": true,
                    "authenticationType": "Anonymous"
                },
                "connectVia": {
                    "referenceName": "adfiradbplt002",
                    "type": "IntegrationRuntimeReference"
                }
            },
            "dependsOn": [
                "[concat(variables('factoryId'), '/integrationRuntimes/adfiradbplt002')]"
            ]
        },
        {
            "name": "[concat(parameters('factoryName'), '/adfadbplt001lsawswfqsgpw0003')]",
            "type": "Microsoft.DataFactory/factories/linkedServices",
            "apiVersion": "2018-06-01",
            "properties": {
                "description": "PromaxPX_V11_Prod",
                "annotations": [],
                "type": "SqlServer",
                "typeProperties": {
                    "connectionString": {
                        "type": "AzureKeyVaultSecret",
                        "store": {
                            "referenceName": "adfadbplt001lsakvadbplt001",
                            "type": "LinkedServiceReference"
                        },
                        "secretName": "[parameters('adfadbplt001lsawswfqsgpw0003_properties_typeProperties_connectionString_secretName')]"
                    }
                },
                "connectVia": {
                    "referenceName": "adfiradbplt002",
                    "type": "IntegrationRuntimeReference"
                }
            },
            "dependsOn": [
                "[concat(variables('factoryId'), '/integrationRuntimes/adfiradbplt002')]",
                "[concat(variables('factoryId'), '/linkedServices/adfadbplt001lsakvadbplt001')]"
            ]
        },
        {
            "name": "[concat(parameters('factoryName'), '/adfadbplt001lsawswfgsgpw0002')]",
            "type": "Microsoft.DataFactory/factories/linkedServices",
            "apiVersion": "2018-06-01",
            "properties": {
                "description": "promax weekly sell promo file feed prod file shared folder",
                "annotations": [],
                "type": "FileServer",
                "typeProperties": {
                    "host": "[parameters('adfadbplt001lsawswfgsgpw0002_properties_typeProperties_host')]",
                    "userId": "[parameters('adfadbplt001lsawswfgsgpw0002_properties_typeProperties_userId')]",
                    "password": {
                        "type": "AzureKeyVaultSecret",
                        "store": {
                            "referenceName": "adfadbplt001lsakvadbplt001",
                            "type": "LinkedServiceReference"
                        },
                        "secretName": "adfadbplt001lsawswfgsgpw0002"
                    }
                },
                "connectVia": {
                    "referenceName": "adfiradbplt002",
                    "type": "IntegrationRuntimeReference"
                }
            },
            "dependsOn": [
                "[concat(variables('factoryId'), '/integrationRuntimes/adfiradbplt002')]",
                "[concat(variables('factoryId'), '/linkedServices/adfadbplt001lsakvadbplt001')]"
            ]
        },
        {
            "name": "[concat(parameters('factoryName'), '/adfadbplt001lsawsbtasgpw0000')]",
            "type": "Microsoft.DataFactory/factories/linkedServices",
            "apiVersion": "2018-06-01",
            "properties": {
                "annotations": [],
                "type": "FileServer",
                "typeProperties": {
                    "host": "[parameters('adfadbplt001lsawsbtasgpw0000_properties_typeProperties_host')]",
                    "userId": "[parameters('adfadbplt001lsawsbtasgpw0000_properties_typeProperties_userId')]",
                    "password": {
                        "type": "AzureKeyVaultSecret",
                        "store": {
                            "referenceName": "adfadbplt001lsakvadbplt001",
                            "type": "LinkedServiceReference"
                        },
                        "secretName": "adfadbplt001lsawsbtasgpw0000"
                    }
                },
                "connectVia": {
                    "referenceName": "adfiradbplt002",
                    "type": "IntegrationRuntimeReference"
                }
            },
            "dependsOn": [
                "[concat(variables('factoryId'), '/integrationRuntimes/adfiradbplt002')]",
                "[concat(variables('factoryId'), '/linkedServices/adfadbplt001lsakvadbplt001')]"
            ]
        },
        {
            "name": "[concat(parameters('factoryName'), '/adfadbplt001lsazrwbudbxprod')]",
            "type": "Microsoft.DataFactory/factories/linkedServices",
            "apiVersion": "2018-06-01",
            "properties": {
                "description": "linked services to digital core databricks in production",
                "annotations": [],
                "type": "Odbc",
                "typeProperties": {
                    "connectionString": {
                        "type": "AzureKeyVaultSecret",
                        "store": {
                            "referenceName": "adfadbplt001lsakvadbplt001",
                            "type": "LinkedServiceReference"
                        },
                        "secretName": "[parameters('adfadbplt001lsazrwbudbxprod_properties_typeProperties_connectionString_secretName')]"
                    },
                    "authenticationType": "Anonymous"
                },
                "connectVia": {
                    "referenceName": "adfiradbplt002",
                    "type": "IntegrationRuntimeReference"
                }
            },
            "dependsOn": [
                "[concat(variables('factoryId'), '/integrationRuntimes/adfiradbplt002')]",
                "[concat(variables('factoryId'), '/linkedServices/adfadbplt001lsakvadbplt001')]"
            ]
        },
        {
            "name": "[concat(parameters('factoryName'), '/adfadbplt001lsdmsindprd001')]",
            "type": "Microsoft.DataFactory/factories/linkedServices",
            "apiVersion": "2018-06-01",
            "properties": {
                "description": "Linked Services to India DMS MYSQL reporting database",
                "annotations": [],
                "type": "MySql",
                "typeProperties": {
                    "server": "[parameters('adfadbplt001lsdmsindprd001_properties_typeProperties_server')]",
                    "port": 3306,
                    "database": "[parameters('adfadbplt001lsdmsindprd001_properties_typeProperties_database')]",
                    "username": "[parameters('adfadbplt001lsdmsindprd001_properties_typeProperties_username')]",
                    "sslMode": 1,
                    "useSystemTrustStore": 0,
                    "password": {
                        "type": "AzureKeyVaultSecret",
                        "store": {
                            "referenceName": "adfadbplt001lsakvadbplt001",
                            "type": "LinkedServiceReference"
                        },
                        "secretName": "adfadbplt001lsdmsindprd001"
                    },
                    "driverVersion": "v2"
                },
                "connectVia": {
                    "referenceName": "adfiradbplt002",
                    "type": "IntegrationRuntimeReference"
                }
            },
            "dependsOn": [
                "[concat(variables('factoryId'), '/integrationRuntimes/adfiradbplt002')]",
                "[concat(variables('factoryId'), '/linkedServices/adfadbplt001lsakvadbplt001')]"
            ]
        },
        {
            "name": "[concat(parameters('factoryName'), '/adfadbplt001lsawsbmntkyl0021jnjcom')]",
            "type": "Microsoft.DataFactory/factories/linkedServices",
            "apiVersion": "2018-06-01",
            "properties": {
                "description": "Linked Service to Japan DCL Oracle database",
                "annotations": [],
                "type": "Oracle",
                "typeProperties": {
                    "connectionString": {
                        "type": "AzureKeyVaultSecret",
                        "store": {
                            "referenceName": "adfadbplt001lsakvadbplt001",
                            "type": "LinkedServiceReference"
                        },
                        "secretName": "[parameters('adfadbplt001lsawsbmntkyl0021jnjcom_properties_typeProperties_connectionString_secretName')]"
                    }
                },
                "connectVia": {
                    "referenceName": "adfiradbplt002",
                    "type": "IntegrationRuntimeReference"
                }
            },
            "dependsOn": [
                "[concat(variables('factoryId'), '/integrationRuntimes/adfiradbplt002')]",
                "[concat(variables('factoryId'), '/linkedServices/adfadbplt001lsakvadbplt001')]"
            ]
        },
        {
            "name": "[concat(parameters('factoryName'), '/adfadbplt001lsmarketingcloudopsjpndcl')]",
            "type": "Microsoft.DataFactory/factories/linkedServices",
            "apiVersion": "2018-06-01",
            "properties": {
                "description": "Linked Service to SFTP server for Japan DCL sales force",
                "annotations": [],
                "type": "Sftp",
                "typeProperties": {
                    "host": "[parameters('adfadbplt001lsmarketingcloudopsjpndcl_properties_typeProperties_host')]",
                    "port": 22,
                    "skipHostKeyValidation": true,
                    "authenticationType": "SshPublicKey",
                    "userName": "[parameters('adfadbplt001lsmarketingcloudopsjpndcl_properties_typeProperties_userName')]",
                    "privateKeyContent": {
                        "type": "AzureKeyVaultSecret",
                        "store": {
                            "referenceName": "adfadbplt001lsakvadbplt001",
                            "type": "LinkedServiceReference"
                        },
                        "secretName": "adfadbplt001lsmarketingcloudopsjpndcl"
                    },
                    "passPhrase": {
                        "type": "SecureString",
                        "value": "[parameters('adfadbplt001lsmarketingcloudopsjpndcl_passPhrase')]"
                    }
                },
                "connectVia": {
                    "referenceName": "adfiradbplt002",
                    "type": "IntegrationRuntimeReference"
                }
            },
            "dependsOn": [
                "[concat(variables('factoryId'), '/integrationRuntimes/adfiradbplt002')]",
                "[concat(variables('factoryId'), '/linkedServices/adfadbplt001lsakvadbplt001')]"
            ]
        },
        {
            "name": "[concat(parameters('factoryName'), '/adfadbplt001lsawsbmntkyl001y')]",
            "type": "Microsoft.DataFactory/factories/linkedServices",
            "apiVersion": "2018-06-01",
            "properties": {
                "description": "Linked Service to Japan DCL Oracle database",
                "annotations": [],
                "type": "Oracle",
                "typeProperties": {
                    "connectionString": {
                        "type": "AzureKeyVaultSecret",
                        "store": {
                            "referenceName": "adfadbplt001lsakvadbplt001",
                            "type": "LinkedServiceReference"
                        },
                        "secretName": "[parameters('adfadbplt001lsawsbmntkyl001y_properties_typeProperties_connectionString_secretName')]"
                    }
                },
                "connectVia": {
                    "referenceName": "adfiradbplt002",
                    "type": "IntegrationRuntimeReference"
                }
            },
            "dependsOn": [
                "[concat(variables('factoryId'), '/integrationRuntimes/adfiradbplt002')]",
                "[concat(variables('factoryId'), '/linkedServices/adfadbplt001lsakvadbplt001')]"
            ]
        }
    ]
}