{
    "$schema": "http://schema.management.azure.com/schemas/2015-01-01/deploymentTemplate.json#",
    "contentVersion": "1.0.0.0",
    "parameters": {
        "factoryName": {
            "type": "string",
            "metadata": "Data Factory name",
            "defaultValue": "adfadbprd001"
        },
        "JS_EX_PRODUCT_ATTR_DIM_trigger_properties_master_parameters_category": {
            "type": "string",
            "defaultValue": "JS_EX_PRODUCT_ATTR_DIM"
        },
        "J_AP_IDC_ETL_FRAMEWORK_trigger_properties_master_parameters_category": {
            "type": "string",
            "defaultValue": "J_AP_IDC_ETL_FRAMEWORK"
        },
        "OTIF_D_Trigger_properties_master_parameters_category": {
            "type": "string",
            "defaultValue": "OTIF_D_Data_Load"
        },
        "OTIF_D_Trigger_properties_master_parameters_force_rerun": {
            "type": "bool",
            "defaultValue": false
        },
        "HCP_OneSea_trigger_properties_master_parameters_category": {
            "type": "string",
            "defaultValue": "HCP_OneSea"
        },
        "hk_daily_sales_trigger_properties_master_parameters_category": {
            "type": "string",
            "defaultValue": "hk_daily_sales"
        },
        "m_edw_mysales_trigger_properties_master_parameters_category": {
            "type": "string",
            "defaultValue": "m_edw_mysales"
        },
        "J_RG_WATSONS_INV_MY_PH_TW_trigger_properties_master_parameters_category": {
            "type": "string",
            "defaultValue": "J_RG_WATSONS_INV_MY_PH_TW"
        },
        "KR_onpack_target_trigger_properties_master_parameters_category": {
            "type": "string",
            "defaultValue": "KR_onpack_target"
        },
        "j_kr_price_tracker_trigger_properties_master_parameters_category": {
            "type": "string",
            "defaultValue": "j_kr_price_tracker"
        },
        "j_kr_tw_sales_target_trigger_properties_master_parameters_category": {
            "type": "string",
            "defaultValue": "j_kr_tw_sales_target"
        },
        "j_kr_pos_prc_condition_trigger_properties_master_parameters_category": {
            "type": "string",
            "defaultValue": "j_kr_pos_prc_condition"
        },
        "IN_HCP360_IQVIA_Ingestion_properties_master_parameters_category": {
            "type": "string",
            "defaultValue": "IN_HCP360_IQVIA_Ingestion"
        },
        "IN_GA360_trigger_properties_master_parameters_category": {
            "type": "string",
            "defaultValue": "IN_GA360"
        },
        "IN_HCP360_MDS_Data_Refresh_trigger_properties_master_parameters_category": {
            "type": "string",
            "defaultValue": "IN_HCP360_MDS_Data_Refresh"
        },
        "in_hcp360_iqvia_kpi_datamart_trigger_properties_master_parameters_category": {
            "type": "string",
            "defaultValue": "in_hcp360_iqvia_kpi_datamart"
        },
        "IN_SFMC_LOAD_trigger_properties_master_parameters_category": {
            "type": "string",
            "defaultValue": "IN_SFMC_LOAD"
        },
        "HCP360_IN_Ventasys_Load_trigger_properties_master_parameters_category": {
            "type": "string",
            "defaultValue": "HCP360_IN_Ventasys_Load"
        },
        "japan_pos_mds_sync_trigger_properties_master_parameters_category": {
            "type": "string",
            "defaultValue": "japan_pos_mds_sync"
        },
        "JPN_POS_LOAD_trigger_properties_master_parameters_category": {
            "type": "string",
            "defaultValue": "JPN_POS_LOAD"
        },
        "JP_Sellout_MDS_trigger_properties_master_parameters_category": {
            "type": "string",
            "defaultValue": "JP_Sellout_MDS"
        }
    },
    "variables": {
        "factoryId": "[concat('Microsoft.DataFactory/factories/', parameters('factoryName'))]"
    },
    "resources": [
        {
            "name": "[concat(parameters('factoryName'), '/JS_EX_PRODUCT_ATTR_DIM_trigger')]",
            "type": "Microsoft.DataFactory/factories/triggers",
            "apiVersion": "2018-06-01",
            "properties": {
                "annotations": [],
                "runtimeState": "Started",
                "pipelines": [
                    {
                        "pipelineReference": {
                            "referenceName": "master",
                            "type": "PipelineReference"
                        },
                        "parameters": {
                            "category": "[parameters('JS_EX_PRODUCT_ATTR_DIM_trigger_properties_master_parameters_category')]"
                        }
                    }
                ],
                "type": "ScheduleTrigger",
                "typeProperties": {
                    "recurrence": {
                        "frequency": "Day",
                        "interval": 1,
                        "startTime": "2024-07-10T15:13:00",
                        "timeZone": "Singapore Standard Time",
                        "schedule": {
                            "minutes": [
                                0
                            ],
                            "hours": [
                                1
                            ]
                        }
                    }
                }
            },
            "dependsOn": []
        },
        {
            "name": "[concat(parameters('factoryName'), '/J_AP_IDC_ETL_FRAMEWORK_trigger')]",
            "type": "Microsoft.DataFactory/factories/triggers",
            "apiVersion": "2018-06-01",
            "properties": {
                "annotations": [],
                "runtimeState": "Started",
                "pipelines": [
                    {
                        "pipelineReference": {
                            "referenceName": "master",
                            "type": "PipelineReference"
                        },
                        "parameters": {
                            "category": "[parameters('J_AP_IDC_ETL_FRAMEWORK_trigger_properties_master_parameters_category')]"
                        }
                    }
                ],
                "type": "ScheduleTrigger",
                "typeProperties": {
                    "recurrence": {
                        "frequency": "Day",
                        "interval": 1,
                        "startTime": "2024-07-10T15:13:00",
                        "timeZone": "Singapore Standard Time",
                        "schedule": {
                            "minutes": [
                                0
                            ],
                            "hours": [
                                11
                            ]
                        }
                    }
                }
            },
            "dependsOn": []
        },
        {
            "name": "[concat(parameters('factoryName'), '/OTIF_D_Trigger')]",
            "type": "Microsoft.DataFactory/factories/triggers",
            "apiVersion": "2018-06-01",
            "properties": {
                "description": "OTIF Ingestion",
                "annotations": [],
                "runtimeState": "Started",
                "pipelines": [
                    {
                        "pipelineReference": {
                            "referenceName": "master",
                            "type": "PipelineReference"
                        },
                        "parameters": {
                            "category": "[parameters('OTIF_D_Trigger_properties_master_parameters_category')]",
                            "force_rerun": "[parameters('OTIF_D_Trigger_properties_master_parameters_force_rerun')]"
                        }
                    }
                ],
                "type": "ScheduleTrigger",
                "typeProperties": {
                    "recurrence": {
                        "frequency": "Day",
                        "interval": 1,
                        "startTime": "2024-07-16T05:42:00",
                        "timeZone": "Singapore Standard Time",
                        "schedule": {
                            "minutes": [
                                0
                            ],
                            "hours": [
                                15
                            ]
                        }
                    }
                }
            },
            "dependsOn": []
        },
        {
            "name": "[concat(parameters('factoryName'), '/HCP_OneSea_trigger')]",
            "type": "Microsoft.DataFactory/factories/triggers",
            "apiVersion": "2018-06-01",
            "properties": {
                "annotations": [],
                "runtimeState": "Started",
                "pipelines": [
                    {
                        "pipelineReference": {
                            "referenceName": "master",
                            "type": "PipelineReference"
                        },
                        "parameters": {
                            "category": "[parameters('HCP_OneSea_trigger_properties_master_parameters_category')]"
                        }
                    }
                ],
                "type": "ScheduleTrigger",
                "typeProperties": {
                    "recurrence": {
                        "frequency": "Day",
                        "interval": 1,
                        "startTime": "2024-07-17T13:38:00",
                        "timeZone": "Singapore Standard Time",
                        "schedule": {
                            "minutes": [
                                0
                            ],
                            "hours": [
                                0
                            ]
                        }
                    }
                }
            },
            "dependsOn": []
        },
        {
            "name": "[concat(parameters('factoryName'), '/hk_daily_sales_trigger')]",
            "type": "Microsoft.DataFactory/factories/triggers",
            "apiVersion": "2018-06-01",
            "properties": {
                "annotations": [],
                "runtimeState": "Started",
                "pipelines": [
                    {
                        "pipelineReference": {
                            "referenceName": "master",
                            "type": "PipelineReference"
                        },
                        "parameters": {
                            "category": "[parameters('hk_daily_sales_trigger_properties_master_parameters_category')]"
                        }
                    }
                ],
                "type": "ScheduleTrigger",
                "typeProperties": {
                    "recurrence": {
                        "frequency": "Day",
                        "interval": 1,
                        "startTime": "2024-07-17T14:27:00",
                        "timeZone": "Singapore Standard Time",
                        "schedule": {
                            "minutes": [
                                15
                            ],
                            "hours": [
                                4
                            ]
                        }
                    }
                }
            },
            "dependsOn": []
        },
        {
            "name": "[concat(parameters('factoryName'), '/m_edw_mysales_trigger')]",
            "type": "Microsoft.DataFactory/factories/triggers",
            "apiVersion": "2018-06-01",
            "properties": {
                "annotations": [],
                "runtimeState": "Started",
                "pipelines": [
                    {
                        "pipelineReference": {
                            "referenceName": "master",
                            "type": "PipelineReference"
                        },
                        "parameters": {
                            "category": "[parameters('m_edw_mysales_trigger_properties_master_parameters_category')]"
                        }
                    }
                ],
                "type": "ScheduleTrigger",
                "typeProperties": {
                    "recurrence": {
                        "frequency": "Day",
                        "interval": 1,
                        "startTime": "2024-07-18T15:26:00",
                        "timeZone": "Singapore Standard Time",
                        "schedule": {
                            "minutes": [
                                0
                            ],
                            "hours": [
                                23
                            ]
                        }
                    }
                }
            },
            "dependsOn": []
        },
        {
            "name": "[concat(parameters('factoryName'), '/J_RG_WATSONS_INV_MY_PH_TW_trigger')]",
            "type": "Microsoft.DataFactory/factories/triggers",
            "apiVersion": "2018-06-01",
            "properties": {
                "annotations": [],
                "runtimeState": "Started",
                "pipelines": [
                    {
                        "pipelineReference": {
                            "referenceName": "master",
                            "type": "PipelineReference"
                        },
                        "parameters": {
                            "category": "[parameters('J_RG_WATSONS_INV_MY_PH_TW_trigger_properties_master_parameters_category')]"
                        }
                    }
                ],
                "type": "ScheduleTrigger",
                "typeProperties": {
                    "recurrence": {
                        "frequency": "Day",
                        "interval": 1,
                        "startTime": "2024-07-18T15:28:00",
                        "timeZone": "Singapore Standard Time",
                        "schedule": {
                            "minutes": [
                                0
                            ],
                            "hours": [
                                17,
                                18,
                                21
                            ]
                        }
                    }
                }
            },
            "dependsOn": []
        },
        {
            "name": "[concat(parameters('factoryName'), '/KR_onpack_target_trigger')]",
            "type": "Microsoft.DataFactory/factories/triggers",
            "apiVersion": "2018-06-01",
            "properties": {
                "annotations": [],
                "runtimeState": "Started",
                "pipelines": [
                    {
                        "pipelineReference": {
                            "referenceName": "master",
                            "type": "PipelineReference"
                        },
                        "parameters": {
                            "category": "[parameters('KR_onpack_target_trigger_properties_master_parameters_category')]"
                        }
                    }
                ],
                "type": "ScheduleTrigger",
                "typeProperties": {
                    "recurrence": {
                        "frequency": "Day",
                        "interval": 1,
                        "startTime": "2024-07-18T15:23:00",
                        "timeZone": "Singapore Standard Time",
                        "schedule": {
                            "minutes": [
                                15
                            ],
                            "hours": [
                                23
                            ]
                        }
                    }
                }
            },
            "dependsOn": []
        },
        {
            "name": "[concat(parameters('factoryName'), '/j_kr_price_tracker_trigger')]",
            "type": "Microsoft.DataFactory/factories/triggers",
            "apiVersion": "2018-06-01",
            "properties": {
                "annotations": [],
                "runtimeState": "Started",
                "pipelines": [
                    {
                        "pipelineReference": {
                            "referenceName": "master",
                            "type": "PipelineReference"
                        },
                        "parameters": {
                            "category": "[parameters('j_kr_price_tracker_trigger_properties_master_parameters_category')]"
                        }
                    }
                ],
                "type": "ScheduleTrigger",
                "typeProperties": {
                    "recurrence": {
                        "frequency": "Day",
                        "interval": 1,
                        "startTime": "2024-07-18T15:25:00",
                        "timeZone": "Singapore Standard Time",
                        "schedule": {
                            "minutes": [
                                0
                            ],
                            "hours": [
                                13
                            ]
                        }
                    }
                }
            },
            "dependsOn": []
        },
        {
            "name": "[concat(parameters('factoryName'), '/j_kr_tw_sales_target_trigger')]",
            "type": "Microsoft.DataFactory/factories/triggers",
            "apiVersion": "2018-06-01",
            "properties": {
                "annotations": [],
                "runtimeState": "Started",
                "pipelines": [
                    {
                        "pipelineReference": {
                            "referenceName": "master",
                            "type": "PipelineReference"
                        },
                        "parameters": {
                            "category": "[parameters('j_kr_tw_sales_target_trigger_properties_master_parameters_category')]"
                        }
                    }
                ],
                "type": "ScheduleTrigger",
                "typeProperties": {
                    "recurrence": {
                        "frequency": "Day",
                        "interval": 1,
                        "startTime": "2024-07-18T15:24:00",
                        "timeZone": "Singapore Standard Time",
                        "schedule": {
                            "minutes": [
                                40
                            ],
                            "hours": [
                                23
                            ]
                        }
                    }
                }
            },
            "dependsOn": []
        },
        {
            "name": "[concat(parameters('factoryName'), '/j_kr_pos_prc_condition_trigger')]",
            "type": "Microsoft.DataFactory/factories/triggers",
            "apiVersion": "2018-06-01",
            "properties": {
                "annotations": [],
                "runtimeState": "Started",
                "pipelines": [
                    {
                        "pipelineReference": {
                            "referenceName": "master",
                            "type": "PipelineReference"
                        },
                        "parameters": {
                            "category": "[parameters('j_kr_pos_prc_condition_trigger_properties_master_parameters_category')]"
                        }
                    }
                ],
                "type": "ScheduleTrigger",
                "typeProperties": {
                    "recurrence": {
                        "frequency": "Day",
                        "interval": 1,
                        "startTime": "2024-07-18T15:25:00",
                        "timeZone": "Singapore Standard Time",
                        "schedule": {
                            "minutes": [
                                0
                            ],
                            "hours": [
                                8
                            ]
                        }
                    }
                }
            },
            "dependsOn": []
        },
        {
            "name": "[concat(parameters('factoryName'), '/IN_HCP360_IQVIA_Ingestion')]",
            "type": "Microsoft.DataFactory/factories/triggers",
            "apiVersion": "2018-06-01",
            "properties": {
                "annotations": [],
                "runtimeState": "Started",
                "pipelines": [
                    {
                        "pipelineReference": {
                            "referenceName": "master",
                            "type": "PipelineReference"
                        },
                        "parameters": {
                            "category": "[parameters('IN_HCP360_IQVIA_Ingestion_properties_master_parameters_category')]"
                        }
                    }
                ],
                "type": "ScheduleTrigger",
                "typeProperties": {
                    "recurrence": {
                        "frequency": "Day",
                        "interval": 1,
                        "startTime": "2024-07-22T19:56:00",
                        "timeZone": "Singapore Standard Time",
                        "schedule": {
                            "minutes": [
                                0
                            ],
                            "hours": [
                                1
                            ]
                        }
                    }
                }
            },
            "dependsOn": []
        },
        {
            "name": "[concat(parameters('factoryName'), '/IN_GA360_trigger')]",
            "type": "Microsoft.DataFactory/factories/triggers",
            "apiVersion": "2018-06-01",
            "properties": {
                "annotations": [],
                "runtimeState": "Started",
                "pipelines": [
                    {
                        "pipelineReference": {
                            "referenceName": "master",
                            "type": "PipelineReference"
                        },
                        "parameters": {
                            "category": "[parameters('IN_GA360_trigger_properties_master_parameters_category')]"
                        }
                    }
                ],
                "type": "ScheduleTrigger",
                "typeProperties": {
                    "recurrence": {
                        "frequency": "Day",
                        "interval": 1,
                        "startTime": "2024-07-22T19:57:00",
                        "timeZone": "Singapore Standard Time",
                        "schedule": {
                            "minutes": [
                                0
                            ],
                            "hours": [
                                1
                            ]
                        }
                    }
                }
            },
            "dependsOn": []
        },
        {
            "name": "[concat(parameters('factoryName'), '/IN_HCP360_MDS_Data_Refresh_trigger')]",
            "type": "Microsoft.DataFactory/factories/triggers",
            "apiVersion": "2018-06-01",
            "properties": {
                "annotations": [],
                "runtimeState": "Started",
                "pipelines": [
                    {
                        "pipelineReference": {
                            "referenceName": "master",
                            "type": "PipelineReference"
                        },
                        "parameters": {
                            "category": "[parameters('IN_HCP360_MDS_Data_Refresh_trigger_properties_master_parameters_category')]"
                        }
                    }
                ],
                "type": "ScheduleTrigger",
                "typeProperties": {
                    "recurrence": {
                        "frequency": "Day",
                        "interval": 1,
                        "startTime": "2024-07-22T19:55:00",
                        "timeZone": "Singapore Standard Time",
                        "schedule": {
                            "minutes": [
                                0
                            ],
                            "hours": [
                                1
                            ]
                        }
                    }
                }
            },
            "dependsOn": []
        },
        {
            "name": "[concat(parameters('factoryName'), '/in_hcp360_iqvia_kpi_datamart_trigger')]",
            "type": "Microsoft.DataFactory/factories/triggers",
            "apiVersion": "2018-06-01",
            "properties": {
                "annotations": [],
                "runtimeState": "Started",
                "pipelines": [
                    {
                        "pipelineReference": {
                            "referenceName": "master",
                            "type": "PipelineReference"
                        },
                        "parameters": {
                            "category": "[parameters('in_hcp360_iqvia_kpi_datamart_trigger_properties_master_parameters_category')]"
                        }
                    }
                ],
                "type": "ScheduleTrigger",
                "typeProperties": {
                    "recurrence": {
                        "frequency": "Day",
                        "interval": 1,
                        "startTime": "2024-07-22T20:55:00",
                        "timeZone": "Singapore Standard Time",
                        "schedule": {
                            "minutes": [
                                30
                            ],
                            "hours": [
                                9
                            ]
                        }
                    }
                }
            },
            "dependsOn": []
        },
        {
            "name": "[concat(parameters('factoryName'), '/IN_SFMC_LOAD_trigger')]",
            "type": "Microsoft.DataFactory/factories/triggers",
            "apiVersion": "2018-06-01",
            "properties": {
                "annotations": [],
                "runtimeState": "Started",
                "pipelines": [
                    {
                        "pipelineReference": {
                            "referenceName": "master",
                            "type": "PipelineReference"
                        },
                        "parameters": {
                            "category": "[parameters('IN_SFMC_LOAD_trigger_properties_master_parameters_category')]"
                        }
                    }
                ],
                "type": "ScheduleTrigger",
                "typeProperties": {
                    "recurrence": {
                        "frequency": "Day",
                        "interval": 1,
                        "startTime": "2024-07-22T19:56:00",
                        "timeZone": "Singapore Standard Time",
                        "schedule": {
                            "minutes": [
                                0
                            ],
                            "hours": [
                                1
                            ]
                        }
                    }
                }
            },
            "dependsOn": []
        },
        {
            "name": "[concat(parameters('factoryName'), '/HCP360_IN_Ventasys_Load_trigger')]",
            "type": "Microsoft.DataFactory/factories/triggers",
            "apiVersion": "2018-06-01",
            "properties": {
                "annotations": [],
                "runtimeState": "Started",
                "pipelines": [
                    {
                        "pipelineReference": {
                            "referenceName": "master",
                            "type": "PipelineReference"
                        },
                        "parameters": {
                            "category": "[parameters('HCP360_IN_Ventasys_Load_trigger_properties_master_parameters_category')]"
                        }
                    }
                ],
                "type": "ScheduleTrigger",
                "typeProperties": {
                    "recurrence": {
                        "frequency": "Day",
                        "interval": 1,
                        "startTime": "2024-07-22T19:57:00",
                        "timeZone": "Singapore Standard Time",
                        "schedule": {
                            "minutes": [
                                30
                            ],
                            "hours": [
                                4
                            ]
                        }
                    }
                }
            },
            "dependsOn": []
        },
        {
            "name": "[concat(parameters('factoryName'), '/japan_pos_mds_sync_trigger')]",
            "type": "Microsoft.DataFactory/factories/triggers",
            "apiVersion": "2018-06-01",
            "properties": {
                "annotations": [],
                "runtimeState": "Started",
                "pipelines": [
                    {
                        "pipelineReference": {
                            "referenceName": "master",
                            "type": "PipelineReference"
                        },
                        "parameters": {
                            "category": "[parameters('japan_pos_mds_sync_trigger_properties_master_parameters_category')]"
                        }
                    }
                ],
                "type": "ScheduleTrigger",
                "typeProperties": {
                    "recurrence": {
                        "frequency": "Week",
                        "interval": 1,
                        "startTime": "2024-07-24T16:44:00",
                        "timeZone": "Singapore Standard Time",
                        "schedule": {
                            "minutes": [
                                0
                            ],
                            "hours": [
                                1
                            ],
                            "weekDays": [
                                "Wednesday"
                            ]
                        }
                    }
                }
            },
            "dependsOn": []
        },
        {
            "name": "[concat(parameters('factoryName'), '/JPN_POS_LOAD_trigger')]",
            "type": "Microsoft.DataFactory/factories/triggers",
            "apiVersion": "2018-06-01",
            "properties": {
                "annotations": [],
                "runtimeState": "Started",
                "pipelines": [
                    {
                        "pipelineReference": {
                            "referenceName": "master",
                            "type": "PipelineReference"
                        },
                        "parameters": {
                            "category": "[parameters('JPN_POS_LOAD_trigger_properties_master_parameters_category')]"
                        }
                    }
                ],
                "type": "ScheduleTrigger",
                "typeProperties": {
                    "recurrence": {
                        "frequency": "Day",
                        "interval": 1,
                        "startTime": "2024-07-24T17:30:00",
                        "timeZone": "Singapore Standard Time",
                        "schedule": {
                            "minutes": [
                                0,
                                30
                            ],
                            "hours": [
                                17,
                                18,
                                19,
                                20,
                                21,
                                22,
                                23
                            ]
                        }
                    }
                }
            },
            "dependsOn": []
        },
        {
            "name": "[concat(parameters('factoryName'), '/JP_Sellout_MDS_trigger')]",
            "type": "Microsoft.DataFactory/factories/triggers",
            "apiVersion": "2018-06-01",
            "properties": {
                "annotations": [],
                "runtimeState": "Started",
                "pipelines": [
                    {
                        "pipelineReference": {
                            "referenceName": "master",
                            "type": "PipelineReference"
                        },
                        "parameters": {
                            "category": "[parameters('JP_Sellout_MDS_trigger_properties_master_parameters_category')]"
                        }
                    }
                ],
                "type": "ScheduleTrigger",
                "typeProperties": {
                    "recurrence": {
                        "frequency": "Day",
                        "interval": 1,
                        "startTime": "2024-07-24T16:38:00",
                        "timeZone": "Singapore Standard Time",
                        "schedule": {
                            "minutes": [
                                30
                            ],
                            "hours": [
                                17
                            ]
                        }
                    }
                }
            },
            "dependsOn": []
        }
    ]
}