{
    "$schema": "http://schema.management.azure.com/schemas/2015-01-01/deploymentTemplate.json#",
    "contentVersion": "1.0.0.0",
    "parameters": {
        "factoryName": {
            "type": "string",
            "metadata": "Data Factory name",
            "defaultValue": "adfadbprd001"
        },
        "KR_OTC_ECOM_INV_FRAMEWORK_trigger_properties_master_parameters_category": {
            "type": "string",
            "defaultValue": "KR_OTC_ECOM_INV"
        },
        "Regional_Ecomm_One_View_trigger_properties_master_parameters_category": {
            "type": "string",
            "defaultValue": "Regional_Ecomm_One_View"
        },
        "datamart_refresh_customer_COGS_trigger_properties_master_parameters_category": {
            "type": "string",
            "defaultValue": "datamart_refresh_customer_COGS"
        },
        "MY_SELLOUT_SISO_morning_evening_trigger_properties_master_parameters_category": {
            "type": "string",
            "defaultValue": "MY_SELLOUT_SISO"
        },
        "MY_SELLOUT_SELLIN_MDS_trigger_properties_master_parameters_category": {
            "type": "string",
            "defaultValue": "MY_SELLOUT_SELLIN_MDS"
        },
        "Global_OTIF_EDL_DNA_trigger_properties_master_parameters_category": {
            "type": "string",
            "defaultValue": "Global_OTIF_EDL_DNA"
        },
        "Regional_Price_Tracker_trigger_properties_master_parameters_category": {
            "type": "string",
            "defaultValue": "Regional_Price_Tracker"
        },
        "my_sellout_inv_sales_trigger_properties_master_parameters_category": {
            "type": "string",
            "defaultValue": "my_sellout_inv_sales"
        },
        "PH_BP_TARGET_IOP_TARGET_trigger_properties_master_parameters_category": {
            "type": "string",
            "defaultValue": "PH_BP_TARGET_IOP_TARGET"
        },
        "market_mirror_trigger_properties_master_parameters_category": {
            "type": "string",
            "defaultValue": "market_mirror"
        },
        "JPN_DCL_SFTP_trigger_properties_master_parameters_category": {
            "type": "string",
            "defaultValue": "JPN_DCL_SFTP"
        },
        "Yimian_Price_Ingestion_CHN_MDS_trigger_properties_master_parameters_category": {
            "type": "string",
            "defaultValue": "Yimian_Price_Ingestion_CHN_MDS"
        },
        "EOM_ECOMM_rg_mrkt_RG_CLAVIS_trigger_properties_master_parameters_category": {
            "type": "string",
            "defaultValue": "EOM_ECOMM_rg_mrkt_RG_CLAVIS"
        },
        "cd_scorecard_health_inventory_table_refresh_trigger_properties_master_parameters_category": {
            "type": "string",
            "defaultValue": "cd_scorecard_health_inventory_table_refresh"
        },
        "j_ecommerce_nts_mds_load_trigger_properties_master_parameters_category": {
            "type": "string",
            "defaultValue": "j_ecommerce_nts_mds_load"
        },
        "JP_DCL_GENERIC_EXTRACTION_FILESETUP_trigger_properties_master_parameters_category": {
            "type": "string",
            "defaultValue": "JP_DCL_GENERIC_EXTRACTION_FILESETUP"
        },
        "RE_Summary_Details_Execution_trigger_properties_master_parameters_category": {
            "type": "string",
            "defaultValue": "Retail_Excellence_Data_Load"
        }
    },
    "variables": {
        "factoryId": "[concat('Microsoft.DataFactory/factories/', parameters('factoryName'))]"
    },
    "resources": [
        {
            "name": "[concat(parameters('factoryName'), '/KR_OTC_ECOM_INV_FRAMEWORK_trigger')]",
            "type": "Microsoft.DataFactory/factories/triggers",
            "apiVersion": "2018-06-01",
            "properties": {
                "annotations": [],
                "runtimeState": "Started",
                "pipelines": [
                    {
                        "pipelineReference": {
                            "referenceName": "master",
                            "type": "PipelineReference"
                        },
                        "parameters": {
                            "category": "[parameters('KR_OTC_ECOM_INV_FRAMEWORK_trigger_properties_master_parameters_category')]"
                        }
                    }
                ],
                "type": "ScheduleTrigger",
                "typeProperties": {
                    "recurrence": {
                        "frequency": "Day",
                        "interval": 1,
                        "startTime": "2024-07-03T15:37:00",
                        "timeZone": "Singapore Standard Time",
                        "schedule": {
                            "minutes": [
                                0
                            ],
                            "hours": [
                                18
                            ]
                        }
                    }
                }
            },
            "dependsOn": []
        },
        {
            "name": "[concat(parameters('factoryName'), '/Regional_Ecomm_One_View_trigger')]",
            "type": "Microsoft.DataFactory/factories/triggers",
            "apiVersion": "2018-06-01",
            "properties": {
                "annotations": [],
                "runtimeState": "Started",
                "pipelines": [
                    {
                        "pipelineReference": {
                            "referenceName": "master",
                            "type": "PipelineReference"
                        },
                        "parameters": {
                            "category": "[parameters('Regional_Ecomm_One_View_trigger_properties_master_parameters_category')]"
                        }
                    }
                ],
                "type": "ScheduleTrigger",
                "typeProperties": {
                    "recurrence": {
                        "frequency": "Day",
                        "interval": 1,
                        "startTime": "2024-08-21T14:34:00",
                        "timeZone": "Singapore Standard Time",
                        "schedule": {
                            "minutes": [
                                30
                            ],
                            "hours": [
                                9
                            ]
                        }
                    }
                }
            },
            "dependsOn": []
        },
        {
            "name": "[concat(parameters('factoryName'), '/datamart_refresh_customer_COGS_trigger')]",
            "type": "Microsoft.DataFactory/factories/triggers",
            "apiVersion": "2018-06-01",
            "properties": {
                "annotations": [],
                "runtimeState": "Started",
                "pipelines": [
                    {
                        "pipelineReference": {
                            "referenceName": "master",
                            "type": "PipelineReference"
                        },
                        "parameters": {
                            "category": "[parameters('datamart_refresh_customer_COGS_trigger_properties_master_parameters_category')]"
                        }
                    }
                ],
                "type": "ScheduleTrigger",
                "typeProperties": {
                    "recurrence": {
                        "frequency": "Day",
                        "interval": 1,
                        "startTime": "2024-08-21T14:31:00",
                        "timeZone": "Singapore Standard Time",
                        "schedule": {
                            "minutes": [
                                10
                            ],
                            "hours": [
                                7
                            ]
                        }
                    }
                }
            },
            "dependsOn": []
        },
        {
            "name": "[concat(parameters('factoryName'), '/MY_SELLOUT_SISO_morning_evening_trigger')]",
            "type": "Microsoft.DataFactory/factories/triggers",
            "apiVersion": "2018-06-01",
            "properties": {
                "annotations": [],
                "runtimeState": "Started",
                "pipelines": [
                    {
                        "pipelineReference": {
                            "referenceName": "master",
                            "type": "PipelineReference"
                        },
                        "parameters": {
                            "category": "[parameters('MY_SELLOUT_SISO_morning_evening_trigger_properties_master_parameters_category')]"
                        }
                    }
                ],
                "type": "ScheduleTrigger",
                "typeProperties": {
                    "recurrence": {
                        "frequency": "Day",
                        "interval": 1,
                        "startTime": "2024-02-28T00:00:00",
                        "timeZone": "Singapore Standard Time",
                        "schedule": {
                            "minutes": [
                                0
                            ],
                            "hours": [
                                11,
                                5
                            ]
                        }
                    }
                }
            },
            "dependsOn": []
        },
        {
            "name": "[concat(parameters('factoryName'), '/MY_SELLOUT_SELLIN_MDS_trigger')]",
            "type": "Microsoft.DataFactory/factories/triggers",
            "apiVersion": "2018-06-01",
            "properties": {
                "annotations": [],
                "runtimeState": "Started",
                "pipelines": [
                    {
                        "pipelineReference": {
                            "referenceName": "master",
                            "type": "PipelineReference"
                        },
                        "parameters": {
                            "category": "[parameters('MY_SELLOUT_SELLIN_MDS_trigger_properties_master_parameters_category')]"
                        }
                    }
                ],
                "type": "ScheduleTrigger",
                "typeProperties": {
                    "recurrence": {
                        "frequency": "Day",
                        "interval": 1,
                        "startTime": "2024-02-28T00:00:00",
                        "timeZone": "Singapore Standard Time",
                        "schedule": {
                            "hours": [
                                16,
                                17,
                                18,
                                19,
                                20
                            ]
                        }
                    }
                }
            },
            "dependsOn": []
        },
        {
            "name": "[concat(parameters('factoryName'), '/Global_OTIF_EDL_DNA_trigger')]",
            "type": "Microsoft.DataFactory/factories/triggers",
            "apiVersion": "2018-06-01",
            "properties": {
                "annotations": [],
                "runtimeState": "Started",
                "pipelines": [
                    {
                        "pipelineReference": {
                            "referenceName": "master",
                            "type": "PipelineReference"
                        },
                        "parameters": {
                            "category": "[parameters('Global_OTIF_EDL_DNA_trigger_properties_master_parameters_category')]"
                        }
                    }
                ],
                "type": "ScheduleTrigger",
                "typeProperties": {
                    "recurrence": {
                        "frequency": "Day",
                        "interval": 1,
                        "startTime": "2024-08-21T14:31:00",
                        "timeZone": "Singapore Standard Time",
                        "schedule": {
                            "minutes": [
                                30
                            ],
                            "hours": [
                                0
                            ]
                        }
                    }
                }
            },
            "dependsOn": []
        },
        {
            "name": "[concat(parameters('factoryName'), '/Regional_Price_Tracker_trigger')]",
            "type": "Microsoft.DataFactory/factories/triggers",
            "apiVersion": "2018-06-01",
            "properties": {
                "annotations": [],
                "runtimeState": "Started",
                "pipelines": [
                    {
                        "pipelineReference": {
                            "referenceName": "master",
                            "type": "PipelineReference"
                        },
                        "parameters": {
                            "category": "[parameters('Regional_Price_Tracker_trigger_properties_master_parameters_category')]"
                        }
                    }
                ],
                "type": "ScheduleTrigger",
                "typeProperties": {
                    "recurrence": {
                        "frequency": "Day",
                        "interval": 1,
                        "startTime": "2024-08-21T14:34:00",
                        "timeZone": "Singapore Standard Time",
                        "schedule": {
                            "minutes": [
                                0
                            ],
                            "hours": [
                                8
                            ]
                        }
                    }
                }
            },
            "dependsOn": []
        },
        {
            "name": "[concat(parameters('factoryName'), '/my_sellout_inv_sales_trigger')]",
            "type": "Microsoft.DataFactory/factories/triggers",
            "apiVersion": "2018-06-01",
            "properties": {
                "annotations": [],
                "runtimeState": "Started",
                "pipelines": [
                    {
                        "pipelineReference": {
                            "referenceName": "master",
                            "type": "PipelineReference"
                        },
                        "parameters": {
                            "category": "[parameters('my_sellout_inv_sales_trigger_properties_master_parameters_category')]"
                        }
                    }
                ],
                "type": "ScheduleTrigger",
                "typeProperties": {
                    "recurrence": {
                        "frequency": "Day",
                        "interval": 1,
                        "startTime": "2024-02-28T00:00:00",
                        "timeZone": "Singapore Standard Time",
                        "schedule": {
                            "hours": [
                                0,
                                1,
                                2,
                                3,
                                4,
                                5,
                                6,
                                7,
                                8,
                                9,
                                10,
                                16,
                                17,
                                18,
                                19,
                                20,
                                21,
                                22,
                                23
                            ]
                        }
                    }
                }
            },
            "dependsOn": []
        },
        {
            "name": "[concat(parameters('factoryName'), '/PH_BP_TARGET_IOP_TARGET_trigger')]",
            "type": "Microsoft.DataFactory/factories/triggers",
            "apiVersion": "2018-06-01",
            "properties": {
                "annotations": [],
                "runtimeState": "Started",
                "pipelines": [
                    {
                        "pipelineReference": {
                            "referenceName": "master",
                            "type": "PipelineReference"
                        },
                        "parameters": {
                            "category": "[parameters('PH_BP_TARGET_IOP_TARGET_trigger_properties_master_parameters_category')]"
                        }
                    }
                ],
                "type": "ScheduleTrigger",
                "typeProperties": {
                    "recurrence": {
                        "frequency": "Day",
                        "interval": 1,
                        "startTime": "2024-04-29T00:00:00",
                        "timeZone": "Singapore Standard Time",
                        "schedule": {
                            "minutes": [
                                35
                            ],
                            "hours": [
                                20
                            ]
                        }
                    }
                }
            },
            "dependsOn": []
        },
        {
            "name": "[concat(parameters('factoryName'), '/market_mirror_trigger')]",
            "type": "Microsoft.DataFactory/factories/triggers",
            "apiVersion": "2018-06-01",
            "properties": {
                "annotations": [],
                "runtimeState": "Started",
                "pipelines": [
                    {
                        "pipelineReference": {
                            "referenceName": "master",
                            "type": "PipelineReference"
                        },
                        "parameters": {
                            "category": "[parameters('market_mirror_trigger_properties_master_parameters_category')]"
                        }
                    }
                ],
                "type": "ScheduleTrigger",
                "typeProperties": {
                    "recurrence": {
                        "frequency": "Day",
                        "interval": 1,
                        "startTime": "2024-08-21T14:30:00",
                        "timeZone": "Singapore Standard Time",
                        "schedule": {
                            "minutes": [
                                30
                            ],
                            "hours": [
                                19
                            ]
                        }
                    }
                }
            },
            "dependsOn": []
        },
        {
            "name": "[concat(parameters('factoryName'), '/JPN_DCL_SFTP_trigger')]",
            "type": "Microsoft.DataFactory/factories/triggers",
            "apiVersion": "2018-06-01",
            "properties": {
                "annotations": [],
                "runtimeState": "Started",
                "pipelines": [
                    {
                        "pipelineReference": {
                            "referenceName": "master",
                            "type": "PipelineReference"
                        },
                        "parameters": {
                            "category": "[parameters('JPN_DCL_SFTP_trigger_properties_master_parameters_category')]"
                        }
                    }
                ],
                "type": "ScheduleTrigger",
                "typeProperties": {
                    "recurrence": {
                        "frequency": "Day",
                        "interval": 1,
                        "startTime": "2024-08-21T14:35:00",
                        "timeZone": "Singapore Standard Time",
                        "schedule": {
                            "minutes": [
                                45
                            ],
                            "hours": [
                                20
                            ]
                        }
                    }
                }
            },
            "dependsOn": []
        },
        {
            "name": "[concat(parameters('factoryName'), '/Yimian_Price_Ingestion_CHN_MDS_trigger')]",
            "type": "Microsoft.DataFactory/factories/triggers",
            "apiVersion": "2018-06-01",
            "properties": {
                "annotations": [],
                "runtimeState": "Started",
                "pipelines": [
                    {
                        "pipelineReference": {
                            "referenceName": "master",
                            "type": "PipelineReference"
                        },
                        "parameters": {
                            "category": "[parameters('Yimian_Price_Ingestion_CHN_MDS_trigger_properties_master_parameters_category')]"
                        }
                    }
                ],
                "type": "ScheduleTrigger",
                "typeProperties": {
                    "recurrence": {
                        "frequency": "Day",
                        "interval": 1,
                        "startTime": "2024-08-12T12:02:00",
                        "timeZone": "Singapore Standard Time",
                        "schedule": {
                            "minutes": [
                                15
                            ],
                            "hours": [
                                21
                            ]
                        }
                    }
                }
            },
            "dependsOn": []
        },
        {
            "name": "[concat(parameters('factoryName'), '/EOM_ECOMM_rg_mrkt_RG_CLAVIS_trigger')]",
            "type": "Microsoft.DataFactory/factories/triggers",
            "apiVersion": "2018-06-01",
            "properties": {
                "annotations": [],
                "runtimeState": "Started",
                "pipelines": [
                    {
                        "pipelineReference": {
                            "referenceName": "master",
                            "type": "PipelineReference"
                        },
                        "parameters": {
                            "category": "[parameters('EOM_ECOMM_rg_mrkt_RG_CLAVIS_trigger_properties_master_parameters_category')]"
                        }
                    }
                ],
                "type": "ScheduleTrigger",
                "typeProperties": {
                    "recurrence": {
                        "frequency": "Day",
                        "interval": 1,
                        "startTime": "2024-08-12T11:40:00",
                        "timeZone": "Singapore Standard Time",
                        "schedule": {
                            "minutes": [
                                0
                            ],
                            "hours": [
                                21
                            ]
                        }
                    }
                }
            },
            "dependsOn": []
        },
        {
            "name": "[concat(parameters('factoryName'), '/cd_scorecard_health_inventory_table_refresh_trigger')]",
            "type": "Microsoft.DataFactory/factories/triggers",
            "apiVersion": "2018-06-01",
            "properties": {
                "annotations": [],
                "runtimeState": "Started",
                "pipelines": [
                    {
                        "pipelineReference": {
                            "referenceName": "master",
                            "type": "PipelineReference"
                        },
                        "parameters": {
                            "category": "[parameters('cd_scorecard_health_inventory_table_refresh_trigger_properties_master_parameters_category')]"
                        }
                    }
                ],
                "type": "ScheduleTrigger",
                "typeProperties": {
                    "recurrence": {
                        "frequency": "Day",
                        "interval": 1,
                        "startTime": "2024-08-21T14:30:00",
                        "timeZone": "Singapore Standard Time",
                        "schedule": {
                            "minutes": [
                                0
                            ],
                            "hours": [
                                9,
                                11
                            ]
                        }
                    }
                }
            },
            "dependsOn": []
        },
        {
            "name": "[concat(parameters('factoryName'), '/j_ecommerce_nts_mds_load_trigger')]",
            "type": "Microsoft.DataFactory/factories/triggers",
            "apiVersion": "2018-06-01",
            "properties": {
                "annotations": [],
                "runtimeState": "Started",
                "pipelines": [
                    {
                        "pipelineReference": {
                            "referenceName": "master",
                            "type": "PipelineReference"
                        },
                        "parameters": {
                            "category": "[parameters('j_ecommerce_nts_mds_load_trigger_properties_master_parameters_category')]"
                        }
                    }
                ],
                "type": "ScheduleTrigger",
                "typeProperties": {
                    "recurrence": {
                        "frequency": "Day",
                        "interval": 1,
                        "startTime": "2024-08-26T10:22:00",
                        "timeZone": "Singapore Standard Time",
                        "schedule": {
                            "minutes": [
                                30
                            ],
                            "hours": [
                                20
                            ]
                        }
                    }
                }
            },
            "dependsOn": []
        },
        {
            "name": "[concat(parameters('factoryName'), '/JP_DCL_GENERIC_EXTRACTION_FILESETUP_trigger')]",
            "type": "Microsoft.DataFactory/factories/triggers",
            "apiVersion": "2018-06-01",
            "properties": {
                "annotations": [],
                "runtimeState": "Started",
                "pipelines": [
                    {
                        "pipelineReference": {
                            "referenceName": "master",
                            "type": "PipelineReference"
                        },
                        "parameters": {
                            "category": "[parameters('JP_DCL_GENERIC_EXTRACTION_FILESETUP_trigger_properties_master_parameters_category')]"
                        }
                    }
                ],
                "type": "ScheduleTrigger",
                "typeProperties": {
                    "recurrence": {
                        "frequency": "Minute",
                        "interval": 45,
                        "startTime": "2024-07-26T00:00:00",
                        "timeZone": "Singapore Standard Time"
                    }
                }
            },
            "dependsOn": []
        },
        {
            "name": "[concat(parameters('factoryName'), '/RE_Summary_Details_Execution_trigger')]",
            "type": "Microsoft.DataFactory/factories/triggers",
            "apiVersion": "2018-06-01",
            "properties": {
                "annotations": [],
                "runtimeState": "Started",
                "pipelines": [
                    {
                        "pipelineReference": {
                            "referenceName": "master",
                            "type": "PipelineReference"
                        },
                        "parameters": {
                            "category": "[parameters('RE_Summary_Details_Execution_trigger_properties_master_parameters_category')]"
                        }
                    }
                ],
                "type": "ScheduleTrigger",
                "typeProperties": {
                    "recurrence": {
                        "frequency": "Day",
                        "interval": 1,
                        "startTime": "2024-09-06T10:29:00",
                        "timeZone": "Singapore Standard Time",
                        "schedule": {
                            "minutes": [
                                0
                            ],
                            "hours": [
                                17
                            ]
                        }
                    }
                }
            },
            "dependsOn": []
        }
    ]
}