{
    "$schema": "http://schema.management.azure.com/schemas/2015-01-01/deploymentTemplate.json#",
    "contentVersion": "1.0.0.0",
    "parameters": {
        "factoryName": {
            "type": "string",
            "metadata": "Data Factory name",
            "defaultValue": "adfadbprd001"
        },
        "adfadbplt001lsmftappvkenvuecomjpdcl_passPhrase": {
            "type": "secureString",
            "metadata": "Secure string for 'passPhrase' of 'adfadbplt001lsmftappvkenvuecomjpdcl'"
        },
        "adfadbplt001lssfhcpveevaind001_properties_typeProperties_environmentUrl": {
            "type": "string",
            "defaultValue": "https://login.salesforce.com"
        },
        "adfadbplt001lssfhcpveevaind001_properties_typeProperties_username": {
            "type": "string",
            "defaultValue": "consumerdna@its.jnj.com"
        },
        "adfadbplt001lssfhcpveevaind001_properties_typeProperties_clientId": {
            "type": "string",
            "defaultValue": "dummy"
        },
        "adfadbplt001lsarsprdcon360_properties_typeProperties_server": {
            "type": "string",
            "defaultValue": "capture.cpivosyuhhmf.us-east-1.redshift.amazonaws.com"
        },
        "adfadbplt001lsarsprdcon360_properties_typeProperties_database": {
            "type": "string",
            "defaultValue": "conglobalprod"
        },
        "adfadbplt001lsarsprdcon360_properties_typeProperties_username": {
            "type": "string",
            "defaultValue": "digitalecosystemuserp"
        },
        "adfadbplt001lsvawsbtcsgpl0005kenvuecom_properties_typeProperties_connectionString_secretName": {
            "type": "string",
            "defaultValue": "adfadbplt001lsvawsbtcsgpl0005kenvuecom"
        },
        "adfadbplt001lsvmcitsapl002fjx2com_properties_typeProperties_connectionString_secretName": {
            "type": "string",
            "defaultValue": "adfadbplt001lsvmcitsapl002fjx2com"
        },
        "adfadbplt001lsemartkor_properties_typeProperties_connectionString_secretName": {
            "type": "string",
            "defaultValue": "adfadbplt001lsemartkor"
        },
        "adfadbdev001smssqltpm001_properties_typeProperties_server": {
            "type": "string",
            "defaultValue": "awsbrasgpw0001.jx2.com"
        },
        "adfadbdev001smssqltpm001_properties_typeProperties_database": {
            "type": "string",
            "defaultValue": "JNJ_TPM"
        },
        "adfadbdev001smssqltpm001_properties_typeProperties_userName": {
            "type": "string",
            "defaultValue": "DNA_PRO_X"
        },
        "adfadbdev001lsardsbpanorama001_properties_typeProperties_server": {
            "type": "string",
            "defaultValue": "capturesqlrds.cqf2mpbmddin.us-east-1.rds.amazonaws.com"
        },
        "adfadbdev001lsardsbpanorama001_properties_typeProperties_database": {
            "type": "string",
            "defaultValue": "bpanorama"
        },
        "adfadbdev001lsardsbpanorama001_properties_typeProperties_userName": {
            "type": "string",
            "defaultValue": "bpservreadonly"
        },
        "adfadbplt001lssfhcpveevaind002_properties_typeProperties_environmentUrl": {
            "type": "string",
            "defaultValue": "https://iconnect-consumer.my.salesforce.com/"
        },
        "adfadbplt001lssfhcpveevaind002_properties_typeProperties_clientId": {
            "type": "string",
            "defaultValue": "3MVG97quAmFZJfVy1Z4Us.i6dz4FDuElcBdgw4cAR5n.grxXhlMnH6Plo4pBVvqwj4f5OUXA_SgZb3XMD2f9s"
        },
        "adfadbplt001lsmftappvkenvuecomjpdcl_properties_typeProperties_host": {
            "type": "string",
            "defaultValue": "mftappv-int.kenvue.com"
        },
        "adfadbplt001lsmftappvkenvuecomjpdcl_properties_typeProperties_userName": {
            "type": "string",
            "defaultValue": "DCL_CI_NEXT_CMS_PROBANCE"
        },
        "adfadbplt001lsarsprdcon360002_properties_typeProperties_server": {
            "type": "string",
            "defaultValue": "capture.cpivosyuhhmf.us-east-1.redshift.amazonaws.com"
        },
        "adfadbplt001lsarsprdcon360002_properties_typeProperties_database": {
            "type": "string",
            "defaultValue": "conglobalprod"
        },
        "adfadbplt001lsarsprdcon360002_properties_typeProperties_username": {
            "type": "string",
            "defaultValue": "mktgscacct"
        },
        "adfadbplt001lsawswdvsgpw0005_properties_typeProperties_server": {
            "type": "string",
            "defaultValue": "awswdvsgpw0005.jx2.com"
        },
        "adfadbplt001lsawswdvsgpw0005_properties_typeProperties_database": {
            "type": "string",
            "defaultValue": "mds"
        },
        "adfadbplt001lsawswdvsgpw0005_properties_typeProperties_userName": {
            "type": "string",
            "defaultValue": "MDS_QA"
        },
        "adfadbplt001mpepdlsadbplt001_blob_properties_privateLinkResourceId": {
            "type": "string",
            "defaultValue": "/subscriptions/00ab5361-0cd5-44b3-b4df-8f24e00fe1df/resourceGroups/AZR-WEK-rg-dls-adb-001/providers/Microsoft.Storage/storageAccounts/dlsadbplt001"
        },
        "adfadbplt001mpepdlsadbplt001_blob_properties_groupId": {
            "type": "string",
            "defaultValue": "blob"
        },
        "adfadbplt001mpepdlsadbplt001_blob_properties_fqdns": {
            "type": "array",
            "defaultValue": [
                "dlsadbplt001.blob.core.windows.net"
            ]
        },
        "adfadbplt001mpepdlsadbplt002_properties_privateLinkResourceId": {
            "type": "string",
            "defaultValue": "/subscriptions/00ab5361-0cd5-44b3-b4df-8f24e00fe1df/resourceGroups/AZR-WEK-rg-dls-adb-001/providers/Microsoft.Storage/storageAccounts/dlsadbplt002"
        },
        "adfadbplt001mpepdlsadbplt002_properties_groupId": {
            "type": "string",
            "defaultValue": "dfs"
        },
        "adfadbplt001mpepdlsadbplt002_properties_fqdns": {
            "type": "array",
            "defaultValue": [
                "dlsadbplt002.dfs.core.windows.net"
            ]
        },
        "adfadbplt001mpepdlsadbplt001_properties_privateLinkResourceId": {
            "type": "string",
            "defaultValue": "/subscriptions/00ab5361-0cd5-44b3-b4df-8f24e00fe1df/resourceGroups/AZR-WEK-rg-dls-adb-001/providers/Microsoft.Storage/storageAccounts/dlsadbplt001"
        },
        "adfadbplt001mpepdlsadbplt001_properties_groupId": {
            "type": "string",
            "defaultValue": "dfs"
        },
        "adfadbplt001mpepdlsadbplt001_properties_fqdns": {
            "type": "array",
            "defaultValue": [
                "dlsadbplt001.dfs.core.windows.net"
            ]
        },
        "adfadbplt001lsdbtclouddnacore_properties_typeProperties_url": {
            "type": "string",
            "defaultValue": "https://au.dbt.com/"
        },
        "adfadbplt001lssnfkpltdnaload_properties_typeProperties_connectionString_secretName": {
            "type": "string",
            "defaultValue": "adfadbplt001lssnfkproddnaload"
        },
        "adfadbplt001lssnfkpltdnacore_properties_typeProperties_connectionString_secretName": {
            "type": "string",
            "defaultValue": "adfadbplt001lssnfkproddnacore"
        },
        "adfadbplt001lsexacttargettha_properties_typeProperties_host": {
            "type": "string",
            "defaultValue": "Ftp.s7.exacttarget.com"
        },
        "adfadbplt001lsexacttargettha_properties_typeProperties_userName": {
            "type": "string",
            "defaultValue": "7306703_2"
        },
        "adfadbplt001lsmarketingcloudopstha_properties_typeProperties_host": {
            "type": "string",
            "defaultValue": "mcnvnrvjjt-90nt78v6wpjkyzvp8.ftp.marketingcloudops.com"
        },
        "adfadbplt001lsmarketingcloudopstha_properties_typeProperties_userName": {
            "type": "string",
            "defaultValue": "518006679_3"
        },
        "adfadbplt001lsexacttargetphl_properties_typeProperties_host": {
            "type": "string",
            "defaultValue": "Ftp.s7.exacttarget.com"
        },
        "adfadbplt001lsexacttargetphl_properties_typeProperties_userName": {
            "type": "string",
            "defaultValue": "7306703_2"
        }
    },
    "variables": {
        "factoryId": "[concat('Microsoft.DataFactory/factories/', parameters('factoryName'))]"
    },
    "resources": [
        {
            "name": "[concat(parameters('factoryName'), '/adfadbplt001lssfhcpveevaind001')]",
            "type": "Microsoft.DataFactory/factories/linkedServices",
            "apiVersion": "2018-06-01",
            "properties": {
                "description": "linked services to india market HCP VEEVA source",
                "annotations": [],
                "type": "Salesforce",
                "typeProperties": {
                    "environmentUrl": "[parameters('adfadbplt001lssfhcpveevaind001_properties_typeProperties_environmentUrl')]",
                    "username": "[parameters('adfadbplt001lssfhcpveevaind001_properties_typeProperties_username')]",
                    "password": {
                        "type": "AzureKeyVaultSecret",
                        "store": {
                            "referenceName": "adfadbplt001lsakvadbplt001",
                            "type": "LinkedServiceReference"
                        },
                        "secretName": "adfadbplt001lsindhcpveeva001"
                    },
                    "securityToken": {
                        "type": "AzureKeyVaultSecret",
                        "store": {
                            "referenceName": "adfadbplt001lsakvadbplt001",
                            "type": "LinkedServiceReference"
                        },
                        "secretName": "adfadbplt001lsindhcpveeva001-sectoken"
                    },
                    "apiVersion": "61.0",
                    "clientId": "[parameters('adfadbplt001lssfhcpveevaind001_properties_typeProperties_clientId')]",
                    "clientSecret": {
                        "type": "AzureKeyVaultSecret",
                        "store": {
                            "referenceName": "adfadbplt001lsakvadbplt001",
                            "type": "LinkedServiceReference"
                        },
                        "secretName": "adfadbplt001lsindhcpveeva001"
                    },
                    "authenticationType": "OAuth2ClientCredential"
                },
                "connectVia": {
                    "referenceName": "adfiradbplt002",
                    "type": "IntegrationRuntimeReference"
                }
            },
            "dependsOn": []
        },
        {
            "name": "[concat(parameters('factoryName'), '/adfadbplt001lsarsprdcon360')]",
            "type": "Microsoft.DataFactory/factories/linkedServices",
            "apiVersion": "2018-06-01",
            "properties": {
                "description": "Linked Service to Con360 redshift",
                "annotations": [],
                "type": "AmazonRedshift",
                "typeProperties": {
                    "server": "[parameters('adfadbplt001lsarsprdcon360_properties_typeProperties_server')]",
                    "database": "[parameters('adfadbplt001lsarsprdcon360_properties_typeProperties_database')]",
                    "port": 5439,
                    "username": "[parameters('adfadbplt001lsarsprdcon360_properties_typeProperties_username')]",
                    "password": {
                        "type": "AzureKeyVaultSecret",
                        "store": {
                            "referenceName": "adfadbplt001lsakvadbplt001",
                            "type": "LinkedServiceReference"
                        },
                        "secretName": "adfadbplt001lsarsprdcon360"
                    }
                },
                "connectVia": {
                    "referenceName": "adfiradbplt002",
                    "type": "IntegrationRuntimeReference"
                }
            },
            "dependsOn": []
        },
        {
            "name": "[concat(parameters('factoryName'), '/adfadbplt001lsvawsbtcsgpl0005kenvuecom')]",
            "type": "Microsoft.DataFactory/factories/linkedServices",
            "apiVersion": "2018-06-01",
            "properties": {
                "description": "linked service to japan awsbtcsgpl0005.kenvue.com",
                "annotations": [],
                "type": "Oracle",
                "typeProperties": {
                    "connectionString": {
                        "type": "AzureKeyVaultSecret",
                        "store": {
                            "referenceName": "adfadbplt001lsakvadbplt001",
                            "type": "LinkedServiceReference"
                        },
                        "secretName": "[parameters('adfadbplt001lsvawsbtcsgpl0005kenvuecom_properties_typeProperties_connectionString_secretName')]"
                    }
                },
                "connectVia": {
                    "referenceName": "adfiradbplt002",
                    "type": "IntegrationRuntimeReference"
                }
            },
            "dependsOn": []
        },
        {
            "name": "[concat(parameters('factoryName'), '/adfadbplt001lsvmcitsapl002fjx2com')]",
            "type": "Microsoft.DataFactory/factories/linkedServices",
            "apiVersion": "2018-06-01",
            "properties": {
                "description": "Linked Service to japan dcl vmcitsapl002f",
                "annotations": [],
                "type": "Oracle",
                "typeProperties": {
                    "connectionString": {
                        "type": "AzureKeyVaultSecret",
                        "store": {
                            "referenceName": "adfadbplt001lsakvadbplt001",
                            "type": "LinkedServiceReference"
                        },
                        "secretName": "[parameters('adfadbplt001lsvmcitsapl002fjx2com_properties_typeProperties_connectionString_secretName')]"
                    }
                },
                "connectVia": {
                    "referenceName": "adfiradbplt002",
                    "type": "IntegrationRuntimeReference"
                }
            },
            "dependsOn": []
        },
        {
            "name": "[concat(parameters('factoryName'), '/adfadbplt001lsemartkor')]",
            "type": "Microsoft.DataFactory/factories/linkedServices",
            "apiVersion": "2018-06-01",
            "properties": {
                "description": "Linked Service to Emart Korea",
                "annotations": [],
                "type": "AmazonRdsForOracle",
                "typeProperties": {
                    "connectionString": {
                        "type": "AzureKeyVaultSecret",
                        "store": {
                            "referenceName": "adfadbplt001lsakvadbplt001",
                            "type": "LinkedServiceReference"
                        },
                        "secretName": "[parameters('adfadbplt001lsemartkor_properties_typeProperties_connectionString_secretName')]"
                    }
                },
                "connectVia": {
                    "referenceName": "adfiradbplt002",
                    "type": "IntegrationRuntimeReference"
                }
            },
            "dependsOn": []
        },
        {
            "name": "[concat(parameters('factoryName'), '/adfadbdev001smssqltpm001')]",
            "type": "Microsoft.DataFactory/factories/linkedServices",
            "apiVersion": "2018-06-01",
            "properties": {
                "description": "linked service to regional TPM ms sql server",
                "annotations": [],
                "type": "SqlServer",
                "typeProperties": {
                    "server": "[parameters('adfadbdev001smssqltpm001_properties_typeProperties_server')]",
                    "database": "[parameters('adfadbdev001smssqltpm001_properties_typeProperties_database')]",
                    "encrypt": "optional",
                    "trustServerCertificate": true,
                    "authenticationType": "SQL",
                    "userName": "[parameters('adfadbdev001smssqltpm001_properties_typeProperties_userName')]",
                    "password": {
                        "type": "AzureKeyVaultSecret",
                        "store": {
                            "referenceName": "adfadbplt001lsakvadbplt001",
                            "type": "LinkedServiceReference"
                        },
                        "secretName": "adfadbdev001smssqltpm001"
                    }
                },
                "connectVia": {
                    "referenceName": "adfiradbplt002",
                    "type": "IntegrationRuntimeReference"
                }
            },
            "dependsOn": []
        },
        {
            "name": "[concat(parameters('factoryName'), '/adfadbdev001lsardsbpanorama001')]",
            "type": "Microsoft.DataFactory/factories/linkedServices",
            "apiVersion": "2018-06-01",
            "properties": {
                "description": "Linked Service for bpanorama from global",
                "annotations": [],
                "type": "AmazonRdsForSqlServer",
                "typeProperties": {
                    "server": "[parameters('adfadbdev001lsardsbpanorama001_properties_typeProperties_server')]",
                    "database": "[parameters('adfadbdev001lsardsbpanorama001_properties_typeProperties_database')]",
                    "encrypt": "optional",
                    "trustServerCertificate": true,
                    "authenticationType": "SQL",
                    "userName": "[parameters('adfadbdev001lsardsbpanorama001_properties_typeProperties_userName')]",
                    "password": {
                        "type": "AzureKeyVaultSecret",
                        "store": {
                            "referenceName": "adfadbplt001lsakvadbplt001",
                            "type": "LinkedServiceReference"
                        },
                        "secretName": "adfadbdev001lsardsbpanorama001"
                    }
                },
                "connectVia": {
                    "referenceName": "adfiradbplt002",
                    "type": "IntegrationRuntimeReference"
                }
            },
            "dependsOn": []
        },
        {
            "name": "[concat(parameters('factoryName'), '/adfadbplt001lssfhcpveevaind002')]",
            "type": "Microsoft.DataFactory/factories/linkedServices",
            "apiVersion": "2018-06-01",
            "properties": {
                "annotations": [],
                "type": "SalesforceV2",
                "typeProperties": {
                    "environmentUrl": "[parameters('adfadbplt001lssfhcpveevaind002_properties_typeProperties_environmentUrl')]",
                    "clientId": "[parameters('adfadbplt001lssfhcpveevaind002_properties_typeProperties_clientId')]",
                    "clientSecret": {
                        "type": "AzureKeyVaultSecret",
                        "store": {
                            "referenceName": "adfadbplt001lsakvadbplt001",
                            "type": "LinkedServiceReference"
                        },
                        "secretName": "adfadbplt001lssfhcpveevaind002"
                    },
                    "apiVersion": "61.0",
                    "authenticationType": "OAuth2ClientCredential"
                },
                "connectVia": {
                    "referenceName": "adfiradbplt002",
                    "type": "IntegrationRuntimeReference"
                }
            },
            "dependsOn": []
        },
        {
            "name": "[concat(parameters('factoryName'), '/adfadbplt001lsmftappvkenvuecomjpdcl')]",
            "type": "Microsoft.DataFactory/factories/linkedServices",
            "apiVersion": "2018-06-01",
            "properties": {
                "description": "linked service to jp dcl mbox",
                "annotations": [],
                "type": "Sftp",
                "typeProperties": {
                    "host": "[parameters('adfadbplt001lsmftappvkenvuecomjpdcl_properties_typeProperties_host')]",
                    "port": 22,
                    "skipHostKeyValidation": true,
                    "authenticationType": "SshPublicKey",
                    "userName": "[parameters('adfadbplt001lsmftappvkenvuecomjpdcl_properties_typeProperties_userName')]",
                    "privateKeyPath": "F:\\adfirkey\\adfadbplt001lsmftappvkenvuecomjpdcl.key",
                    "passPhrase": {
                        "type": "SecureString",
                        "value": "[parameters('adfadbplt001lsmftappvkenvuecomjpdcl_passPhrase')]"
                    }
                },
                "connectVia": {
                    "referenceName": "adfiradbplt002",
                    "type": "IntegrationRuntimeReference"
                }
            },
            "dependsOn": []
        },
        {
            "name": "[concat(parameters('factoryName'), '/adfadbplt001lsarsprdcon360002')]",
            "type": "Microsoft.DataFactory/factories/linkedServices",
            "apiVersion": "2018-06-01",
            "properties": {
                "description": "Linked Service to Con360 redshift for Clavis Data",
                "annotations": [],
                "type": "AmazonRedshift",
                "typeProperties": {
                    "server": "[parameters('adfadbplt001lsarsprdcon360002_properties_typeProperties_server')]",
                    "database": "[parameters('adfadbplt001lsarsprdcon360002_properties_typeProperties_database')]",
                    "port": 5439,
                    "username": "[parameters('adfadbplt001lsarsprdcon360002_properties_typeProperties_username')]",
                    "password": {
                        "type": "AzureKeyVaultSecret",
                        "store": {
                            "referenceName": "adfadbplt001lsakvadbplt001",
                            "type": "LinkedServiceReference"
                        },
                        "secretName": "adfadbplt001lsarsprdcon360002"
                    }
                },
                "connectVia": {
                    "referenceName": "adfiradbplt002",
                    "type": "IntegrationRuntimeReference"
                }
            },
            "dependsOn": []
        },
        {
            "name": "[concat(parameters('factoryName'), '/adfadbplt001lsawswdvsgpw0005')]",
            "type": "Microsoft.DataFactory/factories/linkedServices",
            "apiVersion": "2018-06-01",
            "properties": {
                "description": "Linked Service to Kenvue APAC MDS QA",
                "annotations": [],
                "type": "SqlServer",
                "typeProperties": {
                    "server": "[parameters('adfadbplt001lsawswdvsgpw0005_properties_typeProperties_server')]",
                    "database": "[parameters('adfadbplt001lsawswdvsgpw0005_properties_typeProperties_database')]",
                    "encrypt": "mandatory",
                    "trustServerCertificate": true,
                    "authenticationType": "SQL",
                    "userName": "[parameters('adfadbplt001lsawswdvsgpw0005_properties_typeProperties_userName')]",
                    "password": {
                        "type": "AzureKeyVaultSecret",
                        "store": {
                            "referenceName": "adfadbplt001lsakvadbplt001",
                            "type": "LinkedServiceReference"
                        },
                        "secretName": "adfadbplt001lsawswdvsgpw0005"
                    }
                },
                "connectVia": {
                    "referenceName": "adfiradbplt002",
                    "type": "IntegrationRuntimeReference"
                }
            },
            "dependsOn": []
        },
        {
            "name": "[concat(parameters('factoryName'), '/default/adfadbplt001mpepdlsadbplt001_blob')]",
            "type": "Microsoft.DataFactory/factories/managedVirtualNetworks/managedPrivateEndpoints",
            "apiVersion": "2018-06-01",
            "properties": {
                "privateLinkResourceId": "[parameters('adfadbplt001mpepdlsadbplt001_blob_properties_privateLinkResourceId')]",
                "groupId": "[parameters('adfadbplt001mpepdlsadbplt001_blob_properties_groupId')]",
                "fqdns": "[parameters('adfadbplt001mpepdlsadbplt001_blob_properties_fqdns')]"
            },
            "dependsOn": []
        },
        {
            "name": "[concat(parameters('factoryName'), '/default/adfadbplt001mpepdlsadbplt002')]",
            "type": "Microsoft.DataFactory/factories/managedVirtualNetworks/managedPrivateEndpoints",
            "apiVersion": "2018-06-01",
            "properties": {
                "privateLinkResourceId": "[parameters('adfadbplt001mpepdlsadbplt002_properties_privateLinkResourceId')]",
                "groupId": "[parameters('adfadbplt001mpepdlsadbplt002_properties_groupId')]",
                "fqdns": "[parameters('adfadbplt001mpepdlsadbplt002_properties_fqdns')]"
            },
            "dependsOn": []
        },
        {
            "name": "[concat(parameters('factoryName'), '/default/adfadbplt001mpepdlsadbplt001')]",
            "type": "Microsoft.DataFactory/factories/managedVirtualNetworks/managedPrivateEndpoints",
            "apiVersion": "2018-06-01",
            "properties": {
                "privateLinkResourceId": "[parameters('adfadbplt001mpepdlsadbplt001_properties_privateLinkResourceId')]",
                "groupId": "[parameters('adfadbplt001mpepdlsadbplt001_properties_groupId')]",
                "fqdns": "[parameters('adfadbplt001mpepdlsadbplt001_properties_fqdns')]"
            },
            "dependsOn": []
        },
        {
            "name": "[concat(parameters('factoryName'), '/adfadbplt001lsdbtclouddnacore')]",
            "type": "Microsoft.DataFactory/factories/linkedServices",
            "apiVersion": "2018-06-01",
            "properties": {
                "description": "Linked Service to Kenvue APAC DNA BASE dbt cloud REST API",
                "annotations": [],
                "type": "RestService",
                "typeProperties": {
                    "url": "[parameters('adfadbplt001lsdbtclouddnacore_properties_typeProperties_url')]",
                    "enableServerCertificateValidation": true,
                    "authenticationType": "Anonymous",
                    "authHeaders": {
                        "Authorization": {
                            "type": "AzureKeyVaultSecret",
                            "store": {
                                "referenceName": "adfadbplt001lsakvadbplt001",
                                "type": "LinkedServiceReference"
                            },
                            "secretName": "adfadbplt001lsdbtclouddnacore"
                        }
                    }
                },
                "connectVia": {
                    "referenceName": "adfiradbplt001",
                    "type": "IntegrationRuntimeReference"
                }
            },
            "dependsOn": []
        },
        {
            "name": "[concat(parameters('factoryName'), '/adfadbplt001lssnfkpltdnaload')]",
            "type": "Microsoft.DataFactory/factories/linkedServices",
            "apiVersion": "2018-06-01",
            "properties": {
                "description": "Linked Service to Kenvue APAC DNA BASE Snowflake L0",
                "annotations": [],
                "type": "Snowflake",
                "typeProperties": {
                    "authenticationType": "Basic",
                    "connectionString": {
                        "type": "AzureKeyVaultSecret",
                        "store": {
                            "referenceName": "adfadbplt001lsakvadbplt001",
                            "type": "LinkedServiceReference"
                        },
                        "secretName": "[parameters('adfadbplt001lssnfkpltdnaload_properties_typeProperties_connectionString_secretName')]"
                    }
                },
                "connectVia": {
                    "referenceName": "adfiradbplt001",
                    "type": "IntegrationRuntimeReference"
                }
            },
            "dependsOn": []
        },
        {
            "name": "[concat(parameters('factoryName'), '/adfadbplt001lssnfkpltdnacore')]",
            "type": "Microsoft.DataFactory/factories/linkedServices",
            "apiVersion": "2018-06-01",
            "properties": {
                "description": "Linked Service to Kenvue APAC DNA BASE Snowflake L1 and L2",
                "annotations": [],
                "type": "Snowflake",
                "typeProperties": {
                    "authenticationType": "Basic",
                    "connectionString": {
                        "type": "AzureKeyVaultSecret",
                        "store": {
                            "referenceName": "adfadbplt001lsakvadbplt001",
                            "type": "LinkedServiceReference"
                        },
                        "secretName": "[parameters('adfadbplt001lssnfkpltdnacore_properties_typeProperties_connectionString_secretName')]"
                    }
                },
                "connectVia": {
                    "referenceName": "adfiradbplt001",
                    "type": "IntegrationRuntimeReference"
                }
            },
            "dependsOn": []
        },
        {
            "name": "[concat(parameters('factoryName'), '/adfadbplt001lsexacttargettha')]",
            "type": "Microsoft.DataFactory/factories/linkedServices",
            "apiVersion": "2018-06-01",
            "properties": {
                "annotations": [],
                "type": "Sftp",
                "typeProperties": {
                    "host": "[parameters('adfadbplt001lsexacttargettha_properties_typeProperties_host')]",
                    "port": 22,
                    "skipHostKeyValidation": true,
                    "authenticationType": "Basic",
                    "userName": "[parameters('adfadbplt001lsexacttargettha_properties_typeProperties_userName')]",
                    "password": {
                        "type": "AzureKeyVaultSecret",
                        "store": {
                            "referenceName": "adfadbplt001lsakvadbplt001",
                            "type": "LinkedServiceReference"
                        },
                        "secretName": "adfadbplt001lsexacttargettha"
                    }
                },
                "connectVia": {
                    "referenceName": "adfiradbplt001",
                    "type": "IntegrationRuntimeReference"
                }
            },
            "dependsOn": []
        },
        {
            "name": "[concat(parameters('factoryName'), '/adfadbplt001lsmarketingcloudopstha')]",
            "type": "Microsoft.DataFactory/factories/linkedServices",
            "apiVersion": "2018-06-01",
            "properties": {
                "annotations": [],
                "type": "Sftp",
                "typeProperties": {
                    "host": "[parameters('adfadbplt001lsmarketingcloudopstha_properties_typeProperties_host')]",
                    "port": 22,
                    "skipHostKeyValidation": true,
                    "authenticationType": "Basic",
                    "userName": "[parameters('adfadbplt001lsmarketingcloudopstha_properties_typeProperties_userName')]",
                    "password": {
                        "type": "AzureKeyVaultSecret",
                        "store": {
                            "referenceName": "adfadbplt001lsakvadbplt001",
                            "type": "LinkedServiceReference"
                        },
                        "secretName": "adfadbplt001lsmarketingcloudopstha"
                    }
                },
                "connectVia": {
                    "referenceName": "adfiradbplt001",
                    "type": "IntegrationRuntimeReference"
                }
            },
            "dependsOn": []
        },
        {
            "name": "[concat(parameters('factoryName'), '/adfadbplt001lsexacttargetphl')]",
            "type": "Microsoft.DataFactory/factories/linkedServices",
            "apiVersion": "2018-06-01",
            "properties": {
                "annotations": [],
                "type": "Sftp",
                "typeProperties": {
                    "host": "[parameters('adfadbplt001lsexacttargetphl_properties_typeProperties_host')]",
                    "port": 22,
                    "skipHostKeyValidation": true,
                    "authenticationType": "Basic",
                    "userName": "[parameters('adfadbplt001lsexacttargetphl_properties_typeProperties_userName')]",
                    "password": {
                        "type": "AzureKeyVaultSecret",
                        "store": {
                            "referenceName": "adfadbplt001lsakvadbplt001",
                            "type": "LinkedServiceReference"
                        },
                        "secretName": "adfadbplt001lsexacttargetphl"
                    }
                },
                "connectVia": {
                    "referenceName": "adfiradbplt001",
                    "type": "IntegrationRuntimeReference"
                }
            },
            "dependsOn": []
        }
    ]
}