{
    "$schema": "http://schema.management.azure.com/schemas/2015-01-01/deploymentTemplate.json#",
    "contentVersion": "1.0.0.0",
    "parameters": {
        "factoryName": {
            "type": "string",
            "metadata": "Data Factory name",
            "defaultValue": "adfadbprd001"
        },
        "INDIA_ETL_XDM_SDLITG_LOAD_trigger_properties_master_parameters_category": {
            "type": "string",
            "defaultValue": "INDIA_ETL_XDM_SDLITG_LOAD"
        },
        "IN_MI_DASHBOARD_DATAMART_properties_master_parameters_category": {
            "type": "string",
            "defaultValue": "IN_MI_DASHBOARD_DATAMART"
        },
        "India_Salesman_Target_trigger_properties_master_parameters_category": {
            "type": "string",
            "defaultValue": "India_Salesman_Target"
        },
        "NA_MDS_KR_POS_trigger_1_properties_master_parameters_category": {
            "type": "string",
            "defaultValue": "NA_MDS_KR_POS"
        },
        "NA_MDS_KR_POS_trigger_2_properties_master_parameters_category": {
            "type": "string",
            "defaultValue": "NA_MDS_KR_POS"
        },
        "coupang_ppm_file _trigger_properties_master_parameters_category": {
            "type": "string",
            "defaultValue": "coupang_ppm_file"
        },
        "KR_TRADE_PROMOTION_trigger_properties_master_parameters_category": {
            "type": "string",
            "defaultValue": "KR_TRADE_PROMOTION"
        },
        "GT_SELLOUT_OTC_TRIGGER_properties_master_parameters_category": {
            "type": "string",
            "defaultValue": "GT_SELLOUT_OTC"
        },
        "POP6_MASTER_TRASACTION_trigger_properties_master_parameters_category": {
            "type": "string",
            "defaultValue": "POP6_MASTER_TRASACTION"
        },
        "TW_IMS_DISTRIBUTOR_trigger_properties_master_parameters_category": {
            "type": "string",
            "defaultValue": "TW_IMS_DISTRIBUTOR"
        },
        "j_tw_sell_in_forecast_transaction_data_ingestion_trigger_properties_master_parameters_category": {
            "type": "string",
            "defaultValue": "j_tw_sell_in_forecast_transaction_data_ingestion"
        },
        "IN_SSS_Scorecard_Trigger_properties_master_parameters_category": {
            "type": "string",
            "defaultValue": "IN_SSS_Scorecard"
        },
        "IN_SKU_RECOMMENDATION_trigger_properties_master_parameters_category": {
            "type": "string",
            "defaultValue": "IN_SKU_RECOMMENDATION"
        },
        "IN_GEO_TAGG_DATAMART_trigger_properties_master_parameters_category": {
            "type": "string",
            "defaultValue": "IN_GEO_TAGG_DATAMART"
        },
        "MY_PERFECT_STORE_trigger_properties_master_parameters_category": {
            "type": "string",
            "defaultValue": "MY_PERFECT_STORE"
        },
        "IN_SKURECOM_GT_SSS_2024_DATAMART_trigger_properties_master_parameters_category": {
            "type": "string",
            "defaultValue": "IN_SKURECOM_GT_SSS_2024_DATAMART"
        },
        "IN_MT_SELLIN_VS_SELLOUT_DATAMART_trigger_properties_master_parameters_category": {
            "type": "string",
            "defaultValue": "IN_MT_SELLIN_VS_SELLOUT_DATAMART"
        },
        "IN_MI_PSR_DATAMART_trigger_properties_master_parameters_category": {
            "type": "string",
            "defaultValue": "IN_MI_PSR_DATAMART"
        },
        "IN_MI_MSL_PERF_DATAMART_trigger_properties_master_parameters_category": {
            "type": "string",
            "defaultValue": "IN_MI_MSL_PERF_DATAMART"
        },
        "IN_SKURECOM_MSLSPIKE_DATAMART_trigger_properties_master_parameters_category": {
            "type": "string",
            "defaultValue": "IN_SKURECOM_MSLSPIKE_DATAMART"
        }
    },
    "variables": {
        "factoryId": "[concat('Microsoft.DataFactory/factories/', parameters('factoryName'))]"
    },
    "resources": [
        {
            "name": "[concat(parameters('factoryName'), '/INDIA_ETL_XDM_SDLITG_LOAD_trigger')]",
            "type": "Microsoft.DataFactory/factories/triggers",
            "apiVersion": "2018-06-01",
            "properties": {
                "annotations": [],
                "runtimeState": "Started",
                "pipelines": [
                    {
                        "pipelineReference": {
                            "referenceName": "master",
                            "type": "PipelineReference"
                        },
                        "parameters": {
                            "category": "[parameters('INDIA_ETL_XDM_SDLITG_LOAD_trigger_properties_master_parameters_category')]"
                        }
                    }
                ],
                "type": "ScheduleTrigger",
                "typeProperties": {
                    "recurrence": {
                        "frequency": "Day",
                        "interval": 1,
                        "startTime": "2024-06-20T14:25:00",
                        "timeZone": "Singapore Standard Time",
                        "schedule": {
                            "minutes": [
                                45
                            ],
                            "hours": [
                                6
                            ]
                        }
                    }
                }
            },
            "dependsOn": []
        },
        {
            "name": "[concat(parameters('factoryName'), '/IN_MI_DASHBOARD_DATAMART')]",
            "type": "Microsoft.DataFactory/factories/triggers",
            "apiVersion": "2018-06-01",
            "properties": {
                "annotations": [],
                "runtimeState": "Started",
                "pipelines": [
                    {
                        "pipelineReference": {
                            "referenceName": "master",
                            "type": "PipelineReference"
                        },
                        "parameters": {
                            "category": "[parameters('IN_MI_DASHBOARD_DATAMART_properties_master_parameters_category')]"
                        }
                    }
                ],
                "type": "ScheduleTrigger",
                "typeProperties": {
                    "recurrence": {
                        "frequency": "Day",
                        "interval": 1,
                        "startTime": "2024-06-24T12:48:00",
                        "timeZone": "Singapore Standard Time",
                        "schedule": {
                            "minutes": [
                                0
                            ],
                            "hours": [
                                11
                            ]
                        }
                    }
                }
            },
            "dependsOn": []
        },
        {
            "name": "[concat(parameters('factoryName'), '/India_Salesman_Target_trigger')]",
            "type": "Microsoft.DataFactory/factories/triggers",
            "apiVersion": "2018-06-01",
            "properties": {
                "annotations": [],
                "runtimeState": "Started",
                "pipelines": [
                    {
                        "pipelineReference": {
                            "referenceName": "master",
                            "type": "PipelineReference"
                        },
                        "parameters": {
                            "category": "[parameters('India_Salesman_Target_trigger_properties_master_parameters_category')]"
                        }
                    }
                ],
                "type": "ScheduleTrigger",
                "typeProperties": {
                    "recurrence": {
                        "frequency": "Day",
                        "interval": 1,
                        "startTime": "2024-06-25T12:32:00",
                        "timeZone": "Singapore Standard Time",
                        "schedule": {
                            "minutes": [
                                30
                            ],
                            "hours": [
                                0
                            ]
                        }
                    }
                }
            },
            "dependsOn": []
        },
        {
            "name": "[concat(parameters('factoryName'), '/NA_MDS_KR_POS_trigger_1')]",
            "type": "Microsoft.DataFactory/factories/triggers",
            "apiVersion": "2018-06-01",
            "properties": {
                "annotations": [],
                "runtimeState": "Started",
                "pipelines": [
                    {
                        "pipelineReference": {
                            "referenceName": "master",
                            "type": "PipelineReference"
                        },
                        "parameters": {
                            "category": "[parameters('NA_MDS_KR_POS_trigger_1_properties_master_parameters_category')]"
                        }
                    }
                ],
                "type": "ScheduleTrigger",
                "typeProperties": {
                    "recurrence": {
                        "frequency": "Day",
                        "interval": 1,
                        "startTime": "2024-06-11T11:59:00",
                        "timeZone": "Singapore Standard Time",
                        "schedule": {
                            "minutes": [
                                0
                            ],
                            "hours": [
                                7
                            ]
                        }
                    }
                }
            },
            "dependsOn": []
        },
        {
            "name": "[concat(parameters('factoryName'), '/NA_MDS_KR_POS_trigger_2')]",
            "type": "Microsoft.DataFactory/factories/triggers",
            "apiVersion": "2018-06-01",
            "properties": {
                "annotations": [],
                "runtimeState": "Started",
                "pipelines": [
                    {
                        "pipelineReference": {
                            "referenceName": "master",
                            "type": "PipelineReference"
                        },
                        "parameters": {
                            "category": "[parameters('NA_MDS_KR_POS_trigger_2_properties_master_parameters_category')]"
                        }
                    }
                ],
                "type": "ScheduleTrigger",
                "typeProperties": {
                    "recurrence": {
                        "frequency": "Day",
                        "interval": 1,
                        "startTime": "2024-06-11T12:01:00",
                        "timeZone": "Singapore Standard Time",
                        "schedule": {
                            "minutes": [
                                30
                            ],
                            "hours": [
                                10
                            ]
                        }
                    }
                }
            },
            "dependsOn": []
        },
        {
            "name": "[concat(parameters('factoryName'), '/coupang_ppm_file _trigger')]",
            "type": "Microsoft.DataFactory/factories/triggers",
            "apiVersion": "2018-06-01",
            "properties": {
                "annotations": [],
                "runtimeState": "Started",
                "pipelines": [
                    {
                        "pipelineReference": {
                            "referenceName": "master",
                            "type": "PipelineReference"
                        },
                        "parameters": {
                            "category": "[parameters('coupang_ppm_file _trigger_properties_master_parameters_category')]"
                        }
                    }
                ],
                "type": "ScheduleTrigger",
                "typeProperties": {
                    "recurrence": {
                        "frequency": "Day",
                        "interval": 1,
                        "startTime": "2024-06-25T12:41:00",
                        "timeZone": "Singapore Standard Time",
                        "schedule": {
                            "minutes": [
                                0
                            ],
                            "hours": [
                                8
                            ]
                        }
                    }
                }
            },
            "dependsOn": []
        },
        {
            "name": "[concat(parameters('factoryName'), '/KR_TRADE_PROMOTION_trigger')]",
            "type": "Microsoft.DataFactory/factories/triggers",
            "apiVersion": "2018-06-01",
            "properties": {
                "annotations": [],
                "runtimeState": "Started",
                "pipelines": [
                    {
                        "pipelineReference": {
                            "referenceName": "master",
                            "type": "PipelineReference"
                        },
                        "parameters": {
                            "category": "[parameters('KR_TRADE_PROMOTION_trigger_properties_master_parameters_category')]"
                        }
                    }
                ],
                "type": "ScheduleTrigger",
                "typeProperties": {
                    "recurrence": {
                        "frequency": "Day",
                        "interval": 1,
                        "startTime": "2024-06-25T12:29:00",
                        "timeZone": "Singapore Standard Time",
                        "schedule": {
                            "minutes": [
                                0
                            ],
                            "hours": [
                                7
                            ]
                        }
                    }
                }
            },
            "dependsOn": []
        },
        {
            "name": "[concat(parameters('factoryName'), '/GT_SELLOUT_OTC_TRIGGER')]",
            "type": "Microsoft.DataFactory/factories/triggers",
            "apiVersion": "2018-06-01",
            "properties": {
                "annotations": [],
                "runtimeState": "Started",
                "pipelines": [
                    {
                        "pipelineReference": {
                            "referenceName": "master",
                            "type": "PipelineReference"
                        },
                        "parameters": {
                            "category": "[parameters('GT_SELLOUT_OTC_TRIGGER_properties_master_parameters_category')]"
                        }
                    }
                ],
                "type": "ScheduleTrigger",
                "typeProperties": {
                    "recurrence": {
                        "frequency": "Day",
                        "interval": 1,
                        "startTime": "2024-06-27T08:38:00",
                        "timeZone": "Singapore Standard Time",
                        "schedule": {
                            "minutes": [
                                0
                            ],
                            "hours": [
                                14
                            ]
                        }
                    }
                }
            },
            "dependsOn": []
        },
        {
            "name": "[concat(parameters('factoryName'), '/POP6_MASTER_TRASACTION_trigger')]",
            "type": "Microsoft.DataFactory/factories/triggers",
            "apiVersion": "2018-06-01",
            "properties": {
                "annotations": [],
                "runtimeState": "Started",
                "pipelines": [
                    {
                        "pipelineReference": {
                            "referenceName": "master",
                            "type": "PipelineReference"
                        },
                        "parameters": {
                            "category": "[parameters('POP6_MASTER_TRASACTION_trigger_properties_master_parameters_category')]"
                        }
                    }
                ],
                "type": "ScheduleTrigger",
                "typeProperties": {
                    "recurrence": {
                        "frequency": "Day",
                        "interval": 1,
                        "startTime": "2024-07-03T15:37:00",
                        "timeZone": "Singapore Standard Time",
                        "schedule": {
                            "minutes": [
                                0
                            ],
                            "hours": [
                                3
                            ]
                        }
                    }
                }
            },
            "dependsOn": []
        },
        {
            "name": "[concat(parameters('factoryName'), '/TW_IMS_DISTRIBUTOR_trigger')]",
            "type": "Microsoft.DataFactory/factories/triggers",
            "apiVersion": "2018-06-01",
            "properties": {
                "annotations": [],
                "runtimeState": "Started",
                "pipelines": [
                    {
                        "pipelineReference": {
                            "referenceName": "master",
                            "type": "PipelineReference"
                        },
                        "parameters": {
                            "category": "[parameters('TW_IMS_DISTRIBUTOR_trigger_properties_master_parameters_category')]"
                        }
                    }
                ],
                "type": "ScheduleTrigger",
                "typeProperties": {
                    "recurrence": {
                        "frequency": "Day",
                        "interval": 1,
                        "startTime": "2024-07-03T15:36:00",
                        "timeZone": "Singapore Standard Time",
                        "schedule": {
                            "minutes": [
                                30
                            ],
                            "hours": [
                                23
                            ]
                        }
                    }
                }
            },
            "dependsOn": []
        },
        {
            "name": "[concat(parameters('factoryName'), '/j_tw_sell_in_forecast_transaction_data_ingestion_trigger')]",
            "type": "Microsoft.DataFactory/factories/triggers",
            "apiVersion": "2018-06-01",
            "properties": {
                "annotations": [],
                "runtimeState": "Started",
                "pipelines": [
                    {
                        "pipelineReference": {
                            "referenceName": "master",
                            "type": "PipelineReference"
                        },
                        "parameters": {
                            "category": "[parameters('j_tw_sell_in_forecast_transaction_data_ingestion_trigger_properties_master_parameters_category')]"
                        }
                    }
                ],
                "type": "ScheduleTrigger",
                "typeProperties": {
                    "recurrence": {
                        "frequency": "Day",
                        "interval": 1,
                        "startTime": "2024-07-03T15:35:00",
                        "timeZone": "Singapore Standard Time",
                        "schedule": {
                            "minutes": [
                                30
                            ],
                            "hours": [
                                10
                            ]
                        }
                    }
                }
            },
            "dependsOn": []
        },
        {
            "name": "[concat(parameters('factoryName'), '/IN_SSS_Scorecard_Trigger')]",
            "type": "Microsoft.DataFactory/factories/triggers",
            "apiVersion": "2018-06-01",
            "properties": {
                "annotations": [],
                "runtimeState": "Started",
                "pipelines": [
                    {
                        "pipelineReference": {
                            "referenceName": "master",
                            "type": "PipelineReference"
                        },
                        "parameters": {
                            "category": "[parameters('IN_SSS_Scorecard_Trigger_properties_master_parameters_category')]"
                        }
                    }
                ],
                "type": "ScheduleTrigger",
                "typeProperties": {
                    "recurrence": {
                        "frequency": "Day",
                        "interval": 1,
                        "startTime": "2024-07-09T15:35:00",
                        "timeZone": "Singapore Standard Time",
                        "schedule": {
                            "minutes": [
                                0
                            ],
                            "hours": [
                                2
                            ]
                        }
                    }
                }
            },
            "dependsOn": []
        },
        {
            "name": "[concat(parameters('factoryName'), '/IN_SKU_RECOMMENDATION_trigger')]",
            "type": "Microsoft.DataFactory/factories/triggers",
            "apiVersion": "2018-06-01",
            "properties": {
                "annotations": [],
                "runtimeState": "Started",
                "pipelines": [
                    {
                        "pipelineReference": {
                            "referenceName": "master",
                            "type": "PipelineReference"
                        },
                        "parameters": {
                            "category": "[parameters('IN_SKU_RECOMMENDATION_trigger_properties_master_parameters_category')]"
                        }
                    }
                ],
                "type": "ScheduleTrigger",
                "typeProperties": {
                    "recurrence": {
                        "frequency": "Day",
                        "interval": 1,
                        "startTime": "2024-07-09T15:35:00",
                        "timeZone": "Singapore Standard Time",
                        "schedule": {
                            "minutes": [
                                30
                            ],
                            "hours": [
                                7
                            ]
                        }
                    }
                }
            },
            "dependsOn": []
        },
        {
            "name": "[concat(parameters('factoryName'), '/IN_GEO_TAGG_DATAMART_trigger')]",
            "type": "Microsoft.DataFactory/factories/triggers",
            "apiVersion": "2018-06-01",
            "properties": {
                "annotations": [],
                "runtimeState": "Started",
                "pipelines": [
                    {
                        "pipelineReference": {
                            "referenceName": "master",
                            "type": "PipelineReference"
                        },
                        "parameters": {
                            "category": "[parameters('IN_GEO_TAGG_DATAMART_trigger_properties_master_parameters_category')]"
                        }
                    }
                ],
                "type": "ScheduleTrigger",
                "typeProperties": {
                    "recurrence": {
                        "frequency": "Day",
                        "interval": 1,
                        "startTime": "2024-07-10T15:09:00",
                        "timeZone": "Singapore Standard Time",
                        "schedule": {
                            "minutes": [
                                0
                            ],
                            "hours": [
                                13
                            ]
                        }
                    }
                }
            },
            "dependsOn": []
        },
        {
            "name": "[concat(parameters('factoryName'), '/MY_PERFECT_STORE_trigger')]",
            "type": "Microsoft.DataFactory/factories/triggers",
            "apiVersion": "2018-06-01",
            "properties": {
                "annotations": [],
                "runtimeState": "Started",
                "pipelines": [
                    {
                        "pipelineReference": {
                            "referenceName": "master",
                            "type": "PipelineReference"
                        },
                        "parameters": {
                            "category": "[parameters('MY_PERFECT_STORE_trigger_properties_master_parameters_category')]"
                        }
                    }
                ],
                "type": "ScheduleTrigger",
                "typeProperties": {
                    "recurrence": {
                        "frequency": "Day",
                        "interval": 1,
                        "startTime": "2024-07-10T15:17:00",
                        "timeZone": "Singapore Standard Time",
                        "schedule": {
                            "minutes": [
                                30
                            ],
                            "hours": [
                                1
                            ]
                        }
                    }
                }
            },
            "dependsOn": []
        },
        {
            "name": "[concat(parameters('factoryName'), '/IN_SKURECOM_GT_SSS_2024_DATAMART_trigger')]",
            "type": "Microsoft.DataFactory/factories/triggers",
            "apiVersion": "2018-06-01",
            "properties": {
                "annotations": [],
                "runtimeState": "Started",
                "pipelines": [
                    {
                        "pipelineReference": {
                            "referenceName": "master",
                            "type": "PipelineReference"
                        },
                        "parameters": {
                            "category": "[parameters('IN_SKURECOM_GT_SSS_2024_DATAMART_trigger_properties_master_parameters_category')]"
                        }
                    }
                ],
                "type": "ScheduleTrigger",
                "typeProperties": {
                    "recurrence": {
                        "frequency": "Day",
                        "interval": 1,
                        "startTime": "2024-07-10T15:11:00",
                        "timeZone": "Singapore Standard Time",
                        "schedule": {
                            "minutes": [
                                30
                            ],
                            "hours": [
                                12
                            ]
                        }
                    }
                }
            },
            "dependsOn": []
        },
        {
            "name": "[concat(parameters('factoryName'), '/IN_MT_SELLIN_VS_SELLOUT_DATAMART_trigger')]",
            "type": "Microsoft.DataFactory/factories/triggers",
            "apiVersion": "2018-06-01",
            "properties": {
                "annotations": [],
                "runtimeState": "Started",
                "pipelines": [
                    {
                        "pipelineReference": {
                            "referenceName": "master",
                            "type": "PipelineReference"
                        },
                        "parameters": {
                            "category": "[parameters('IN_MT_SELLIN_VS_SELLOUT_DATAMART_trigger_properties_master_parameters_category')]"
                        }
                    }
                ],
                "type": "ScheduleTrigger",
                "typeProperties": {
                    "recurrence": {
                        "frequency": "Day",
                        "interval": 1,
                        "startTime": "2024-07-10T15:11:00",
                        "timeZone": "Singapore Standard Time",
                        "schedule": {
                            "minutes": [
                                0
                            ],
                            "hours": [
                                14
                            ]
                        }
                    }
                }
            },
            "dependsOn": []
        },
        {
            "name": "[concat(parameters('factoryName'), '/IN_MI_PSR_DATAMART_trigger')]",
            "type": "Microsoft.DataFactory/factories/triggers",
            "apiVersion": "2018-06-01",
            "properties": {
                "annotations": [],
                "runtimeState": "Started",
                "pipelines": [
                    {
                        "pipelineReference": {
                            "referenceName": "master",
                            "type": "PipelineReference"
                        },
                        "parameters": {
                            "category": "[parameters('IN_MI_PSR_DATAMART_trigger_properties_master_parameters_category')]"
                        }
                    }
                ],
                "type": "ScheduleTrigger",
                "typeProperties": {
                    "recurrence": {
                        "frequency": "Day",
                        "interval": 1,
                        "startTime": "2024-07-10T15:10:00",
                        "timeZone": "Singapore Standard Time",
                        "schedule": {
                            "minutes": [
                                0
                            ],
                            "hours": [
                                13
                            ]
                        }
                    }
                }
            },
            "dependsOn": []
        },
        {
            "name": "[concat(parameters('factoryName'), '/IN_MI_MSL_PERF_DATAMART_trigger')]",
            "type": "Microsoft.DataFactory/factories/triggers",
            "apiVersion": "2018-06-01",
            "properties": {
                "annotations": [],
                "runtimeState": "Started",
                "pipelines": [
                    {
                        "pipelineReference": {
                            "referenceName": "master",
                            "type": "PipelineReference"
                        },
                        "parameters": {
                            "category": "[parameters('IN_MI_MSL_PERF_DATAMART_trigger_properties_master_parameters_category')]"
                        }
                    }
                ],
                "type": "ScheduleTrigger",
                "typeProperties": {
                    "recurrence": {
                        "frequency": "Day",
                        "interval": 1,
                        "startTime": "2024-07-10T15:10:00",
                        "timeZone": "Singapore Standard Time",
                        "schedule": {
                            "minutes": [
                                45
                            ],
                            "hours": [
                                12
                            ]
                        }
                    }
                }
            },
            "dependsOn": []
        },
        {
            "name": "[concat(parameters('factoryName'), '/IN_SKURECOM_MSLSPIKE_DATAMART_trigger')]",
            "type": "Microsoft.DataFactory/factories/triggers",
            "apiVersion": "2018-06-01",
            "properties": {
                "annotations": [],
                "runtimeState": "Started",
                "pipelines": [
                    {
                        "pipelineReference": {
                            "referenceName": "master",
                            "type": "PipelineReference"
                        },
                        "parameters": {
                            "category": "[parameters('IN_SKURECOM_MSLSPIKE_DATAMART_trigger_properties_master_parameters_category')]"
                        }
                    }
                ],
                "type": "ScheduleTrigger",
                "typeProperties": {
                    "recurrence": {
                        "frequency": "Day",
                        "interval": 1,
                        "startTime": "2024-07-10T15:12:00",
                        "timeZone": "Singapore Standard Time",
                        "schedule": {
                            "minutes": [
                                15
                            ],
                            "hours": [
                                10
                            ]
                        }
                    }
                }
            },
            "dependsOn": []
        }
    ]
}