{
    "$schema": "http://schema.management.azure.com/schemas/2015-01-01/deploymentTemplate.json#",
    "contentVersion": "1.0.0.0",
    "parameters": {
        "factoryName": {
            "type": "string",
            "metadata": "Data Factory name",
            "defaultValue": "adfadbprd001"
        }
    },
    "variables": {
        "factoryId": "[concat('Microsoft.DataFactory/factories/', parameters('factoryName'))]"
    },
    "resources": [
        {
            "name": "[concat(parameters('factoryName'), '/log_json')]",
            "type": "Microsoft.DataFactory/factories/datasets",
            "apiVersion": "2018-06-01",
            "properties": {
                "linkedServiceName": {
                    "referenceName": "adfadbplt001lsdlsadbplt001",
                    "type": "LinkedServiceReference"
                },
                "parameters": {
                    "filename": {
                        "type": "string"
                    },
                    "container": {
                        "type": "string"
                    },
                    "file_path": {
                        "type": "string"
                    }
                },
                "folder": {
                    "name": "ADF_Framework_Datasets/Cdata"
                },
                "annotations": [],
                "type": "Json",
                "typeProperties": {
                    "location": {
                        "type": "AzureBlobFSLocation",
                        "fileName": {
                            "value": "@dataset().filename",
                            "type": "Expression"
                        },
                        "folderPath": {
                            "value": "@dataset().file_path",
                            "type": "Expression"
                        },
                        "fileSystem": {
                            "value": "@dataset().container",
                            "type": "Expression"
                        }
                    }
                },
                "schema": {}
            },
            "dependsOn": []
        },
        {
            "name": "[concat(parameters('factoryName'), '/get_status')]",
            "type": "Microsoft.DataFactory/factories/datasets",
            "apiVersion": "2018-06-01",
            "properties": {
                "linkedServiceName": {
                    "referenceName": "adfadbplt001lsdlsadbplt001",
                    "type": "LinkedServiceReference"
                },
                "parameters": {
                    "filename": {
                        "type": "string"
                    },
                    "container": {
                        "type": "string"
                    },
                    "directory": {
                        "type": "string"
                    }
                },
                "folder": {
                    "name": "ADF_Framework_Datasets/Cdata"
                },
                "annotations": [],
                "type": "DelimitedText",
                "typeProperties": {
                    "location": {
                        "type": "AzureBlobFSLocation",
                        "fileName": {
                            "value": "@dataset().filename",
                            "type": "Expression"
                        },
                        "folderPath": {
                            "value": "@dataset().directory",
                            "type": "Expression"
                        },
                        "fileSystem": {
                            "value": "@dataset().container",
                            "type": "Expression"
                        }
                    },
                    "columnDelimiter": ",",
                    "escapeChar": "\\",
                    "firstRowAsHeader": true,
                    "quoteChar": "\""
                },
                "schema": [
                    {
                        "name": "RunStartDate",
                        "type": "String"
                    },
                    {
                        "name": "Query",
                        "type": "String"
                    },
                    {
                        "name": "JobName",
                        "type": "String"
                    },
                    {
                        "name": "Status",
                        "type": "String"
                    },
                    {
                        "name": "Detail",
                        "type": "String"
                    },
                    {
                        "name": "Result",
                        "type": "String"
                    }
                ]
            },
            "dependsOn": []
        },
        {
            "name": "[concat(parameters('factoryName'), '/TableauJsonResponse')]",
            "type": "Microsoft.DataFactory/factories/datasets",
            "apiVersion": "2018-06-01",
            "properties": {
                "linkedServiceName": {
                    "referenceName": "adfadbplt001lsdlsadbplt001",
                    "type": "LinkedServiceReference"
                },
                "parameters": {
                    "tempContainer": {
                        "type": "string"
                    },
                    "tempDirectory": {
                        "type": "string"
                    },
                    "tempFileName": {
                        "type": "string"
                    }
                },
                "folder": {
                    "name": "ADF_Framework_Datasets/Tableau"
                },
                "annotations": [],
                "type": "Json",
                "typeProperties": {
                    "location": {
                        "type": "AzureBlobFSLocation",
                        "fileName": {
                            "value": "@dataset().tempFileName",
                            "type": "Expression"
                        },
                        "folderPath": {
                            "value": "@dataset().tempDirectory",
                            "type": "Expression"
                        },
                        "fileSystem": {
                            "value": "@dataset().tempContainer",
                            "type": "Expression"
                        }
                    }
                },
                "schema": {}
            },
            "dependsOn": []
        },
        {
            "name": "[concat(parameters('factoryName'), '/TableauRestAPI')]",
            "type": "Microsoft.DataFactory/factories/datasets",
            "apiVersion": "2018-06-01",
            "properties": {
                "linkedServiceName": {
                    "referenceName": "adfadbplt001lspltbitabap",
                    "type": "LinkedServiceReference"
                },
                "parameters": {
                    "relativeURL": {
                        "type": "string"
                    }
                },
                "folder": {
                    "name": "ADF_Framework_Datasets/Tableau"
                },
                "annotations": [],
                "type": "RestResource",
                "typeProperties": {
                    "relativeUrl": {
                        "value": "@dataset().relativeURL",
                        "type": "Expression"
                    }
                },
                "schema": []
            },
            "dependsOn": []
        },
        {
            "name": "[concat(parameters('factoryName'), '/s3_source_binary')]",
            "type": "Microsoft.DataFactory/factories/datasets",
            "apiVersion": "2018-06-01",
            "properties": {
                "linkedServiceName": {
                    "referenceName": "adfadbplt001lsas3adpprd001",
                    "type": "LinkedServiceReference"
                },
                "parameters": {
                    "bucket": {
                        "type": "string"
                    },
                    "path": {
                        "type": "string"
                    },
                    "file": {
                        "type": "string"
                    }
                },
                "folder": {
                    "name": "Miscellaneous Pipelines"
                },
                "annotations": [],
                "type": "Binary",
                "typeProperties": {
                    "location": {
                        "type": "AmazonS3Location",
                        "bucketName": {
                            "value": "@dataset().bucket",
                            "type": "Expression"
                        },
                        "folderPath": {
                            "value": "@dataset().path",
                            "type": "Expression"
                        },
                        "fileName": {
                            "value": "@dataset().file",
                            "type": "Expression"
                        }
                    }
                }
            },
            "dependsOn": []
        },
        {
            "name": "[concat(parameters('factoryName'), '/DbtAPIResponse')]",
            "type": "Microsoft.DataFactory/factories/datasets",
            "apiVersion": "2018-06-01",
            "properties": {
                "linkedServiceName": {
                    "referenceName": "adfadbplt001lsdlsadbplt001",
                    "type": "LinkedServiceReference"
                },
                "parameters": {
                    "tempContainer": {
                        "type": "string"
                    },
                    "tempDirectory": {
                        "type": "string"
                    },
                    "tempFileName": {
                        "type": "string"
                    }
                },
                "folder": {
                    "name": "ADF_Framework_Datasets/DBT"
                },
                "annotations": [],
                "type": "Json",
                "typeProperties": {
                    "location": {
                        "type": "AzureBlobFSLocation",
                        "fileName": {
                            "value": "@dataset().tempFileName",
                            "type": "Expression"
                        },
                        "folderPath": {
                            "value": "@dataset().tempDirectory",
                            "type": "Expression"
                        },
                        "fileSystem": {
                            "value": "@dataset().tempContainer",
                            "type": "Expression"
                        }
                    }
                },
                "schema": {}
            },
            "dependsOn": []
        },
        {
            "name": "[concat(parameters('factoryName'), '/adls_sink_binary')]",
            "type": "Microsoft.DataFactory/factories/datasets",
            "apiVersion": "2018-06-01",
            "properties": {
                "linkedServiceName": {
                    "referenceName": "adfadbplt001lsdlsadbplt001",
                    "type": "LinkedServiceReference"
                },
                "parameters": {
                    "adls_container": {
                        "type": "string"
                    },
                    "adls_path": {
                        "type": "string"
                    }
                },
                "folder": {
                    "name": "Miscellaneous Pipelines"
                },
                "annotations": [],
                "type": "Binary",
                "typeProperties": {
                    "location": {
                        "type": "AzureBlobFSLocation",
                        "folderPath": {
                            "value": "@dataset().adls_path",
                            "type": "Expression"
                        },
                        "fileSystem": {
                            "value": "@dataset().adls_container",
                            "type": "Expression"
                        }
                    }
                }
            },
            "dependsOn": []
        },
        {
            "name": "[concat(parameters('factoryName'), '/BinaryDestination')]",
            "type": "Microsoft.DataFactory/factories/datasets",
            "apiVersion": "2018-06-01",
            "properties": {
                "linkedServiceName": {
                    "referenceName": "adfadbplt001lsdlsadbplt001",
                    "type": "LinkedServiceReference"
                },
                "parameters": {
                    "container": {
                        "type": "string"
                    },
                    "directory": {
                        "type": "string"
                    },
                    "fileName": {
                        "type": "string"
                    }
                },
                "folder": {
                    "name": "ADF_Framework_Datasets"
                },
                "annotations": [],
                "type": "Binary",
                "typeProperties": {
                    "location": {
                        "type": "AzureBlobFSLocation",
                        "fileName": {
                            "value": "@dataset().fileName",
                            "type": "Expression"
                        },
                        "folderPath": {
                            "value": "@dataset().directory",
                            "type": "Expression"
                        },
                        "fileSystem": {
                            "value": "@dataset().container",
                            "type": "Expression"
                        }
                    }
                }
            },
            "dependsOn": []
        },
        {
            "name": "[concat(parameters('factoryName'), '/BinarySource')]",
            "type": "Microsoft.DataFactory/factories/datasets",
            "apiVersion": "2018-06-01",
            "properties": {
                "linkedServiceName": {
                    "referenceName": "adfadbplt001lsdlsadbplt001",
                    "type": "LinkedServiceReference"
                },
                "parameters": {
                    "container": {
                        "type": "string"
                    },
                    "directory": {
                        "type": "string"
                    },
                    "sourceFile": {
                        "type": "string"
                    }
                },
                "folder": {
                    "name": "ADF_Framework_Datasets"
                },
                "annotations": [],
                "type": "Binary",
                "typeProperties": {
                    "location": {
                        "type": "AzureBlobFSLocation",
                        "fileName": {
                            "value": "@dataset().sourceFile",
                            "type": "Expression"
                        },
                        "folderPath": {
                            "value": "@dataset().directory",
                            "type": "Expression"
                        },
                        "fileSystem": {
                            "value": "@dataset().container",
                            "type": "Expression"
                        }
                    }
                }
            },
            "dependsOn": []
        },
        {
            "name": "[concat(parameters('factoryName'), '/sql_server_awswfqsgpw')]",
            "type": "Microsoft.DataFactory/factories/datasets",
            "apiVersion": "2018-06-01",
            "properties": {
                "linkedServiceName": {
                    "referenceName": "adfadbplt001lsawswfqsgpw0003",
                    "type": "LinkedServiceReference"
                },
                "folder": {
                    "name": "ADF_Framework_Datasets/SQL"
                },
                "annotations": [],
                "type": "SqlServerTable",
                "schema": [],
                "typeProperties": {}
            },
            "dependsOn": []
        },
        {
            "name": "[concat(parameters('factoryName'), '/sql_server_sink')]",
            "type": "Microsoft.DataFactory/factories/datasets",
            "apiVersion": "2018-06-01",
            "properties": {
                "linkedServiceName": {
                    "referenceName": "adfadbplt001lsdlsadbplt001",
                    "type": "LinkedServiceReference"
                },
                "parameters": {
                    "container": {
                        "type": "string"
                    },
                    "path": {
                        "type": "string"
                    },
                    "file": {
                        "type": "string"
                    }
                },
                "folder": {
                    "name": "ADF_Framework_Datasets/SQL"
                },
                "annotations": [],
                "type": "DelimitedText",
                "typeProperties": {
                    "location": {
                        "type": "AzureBlobFSLocation",
                        "fileName": {
                            "value": "@dataset().file",
                            "type": "Expression"
                        },
                        "folderPath": {
                            "value": "@dataset().path",
                            "type": "Expression"
                        },
                        "fileSystem": {
                            "value": "@dataset().container",
                            "type": "Expression"
                        }
                    },
                    "columnDelimiter": "\u0001",
                    "rowDelimiter": {
                        "value": "\r\n",
                        "type": "Expression"
                    },
                    "escapeChar": "\\",
                    "firstRowAsHeader": true,
                    "quoteChar": ""
                },
                "schema": []
            },
            "dependsOn": []
        },
        {
            "name": "[concat(parameters('factoryName'), '/sftp_adls_source_binary_zip')]",
            "type": "Microsoft.DataFactory/factories/datasets",
            "apiVersion": "2018-06-01",
            "properties": {
                "linkedServiceName": {
                    "referenceName": "adfadbplt001lsdlsadbplt001",
                    "type": "LinkedServiceReference"
                },
                "parameters": {
                    "adls_container": {
                        "type": "string"
                    },
                    "adls_path": {
                        "type": "string"
                    },
                    "file_name": {
                        "type": "string"
                    }
                },
                "folder": {
                    "name": "ADF_Framework_Datasets/SFTP"
                },
                "annotations": [],
                "type": "Binary",
                "typeProperties": {
                    "location": {
                        "type": "AzureBlobFSLocation",
                        "fileName": {
                            "value": "@dataset().file_name",
                            "type": "Expression"
                        },
                        "folderPath": {
                            "value": "@dataset().adls_path",
                            "type": "Expression"
                        },
                        "fileSystem": {
                            "value": "@dataset().adls_container",
                            "type": "Expression"
                        }
                    },
                    "compression": {
                        "type": "ZipDeflate",
                        "level": "Optimal"
                    }
                }
            },
            "dependsOn": []
        },
        {
            "name": "[concat(parameters('factoryName'), '/sftp_adls_source_binary')]",
            "type": "Microsoft.DataFactory/factories/datasets",
            "apiVersion": "2018-06-01",
            "properties": {
                "linkedServiceName": {
                    "referenceName": "adfadbplt001lsdlsadbplt001",
                    "type": "LinkedServiceReference"
                },
                "parameters": {
                    "adls_container": {
                        "type": "string"
                    },
                    "adls_path": {
                        "type": "string"
                    }
                },
                "folder": {
                    "name": "ADF_Framework_Datasets/SFTP"
                },
                "annotations": [],
                "type": "Binary",
                "typeProperties": {
                    "location": {
                        "type": "AzureBlobFSLocation",
                        "folderPath": {
                            "value": "@dataset().adls_path",
                            "type": "Expression"
                        },
                        "fileSystem": {
                            "value": "@dataset().adls_container",
                            "type": "Expression"
                        }
                    }
                }
            },
            "dependsOn": []
        },
        {
            "name": "[concat(parameters('factoryName'), '/file_system_source')]",
            "type": "Microsoft.DataFactory/factories/datasets",
            "apiVersion": "2018-06-01",
            "properties": {
                "linkedServiceName": {
                    "referenceName": "adfadbplt001lsawswfgsgpw0002",
                    "type": "LinkedServiceReference"
                },
                "parameters": {
                    "File_Name": {
                        "type": "string"
                    }
                },
                "folder": {
                    "name": "ADF_Framework_Datasets/FILE_SYSTEM"
                },
                "annotations": [],
                "type": "Binary",
                "typeProperties": {
                    "location": {
                        "type": "FileServerLocation",
                        "fileName": {
                            "value": "@dataset().File_Name",
                            "type": "Expression"
                        }
                    }
                }
            },
            "dependsOn": []
        },
        {
            "name": "[concat(parameters('factoryName'), '/file_system_source_th')]",
            "type": "Microsoft.DataFactory/factories/datasets",
            "apiVersion": "2018-06-01",
            "properties": {
                "linkedServiceName": {
                    "referenceName": "adfadbplt001lsawsbtasgpw0000",
                    "type": "LinkedServiceReference"
                },
                "parameters": {
                    "input_folder": {
                        "type": "string"
                    }
                },
                "folder": {
                    "name": "ADF_Framework_Datasets/FILE_SYSTEM"
                },
                "annotations": [],
                "type": "Binary",
                "typeProperties": {
                    "location": {
                        "type": "FileServerLocation",
                        "folderPath": {
                            "value": "@dataset().input_folder",
                            "type": "Expression"
                        }
                    }
                }
            },
            "dependsOn": []
        },
        {
            "name": "[concat(parameters('factoryName'), '/mysql_server_csngjnjreport')]",
            "type": "Microsoft.DataFactory/factories/datasets",
            "apiVersion": "2018-06-01",
            "properties": {
                "linkedServiceName": {
                    "referenceName": "adfadbplt001lsdmsindprd001",
                    "type": "LinkedServiceReference"
                },
                "folder": {
                    "name": "ADF_Framework_Datasets/SQL"
                },
                "annotations": [],
                "type": "MySqlTable",
                "schema": [],
                "typeProperties": {}
            },
            "dependsOn": []
        },
        {
            "name": "[concat(parameters('factoryName'), '/sql_server_mds')]",
            "type": "Microsoft.DataFactory/factories/datasets",
            "apiVersion": "2018-06-01",
            "properties": {
                "linkedServiceName": {
                    "referenceName": "adfadbplt001lsawswdvsgpw0006",
                    "type": "LinkedServiceReference"
                },
                "folder": {
                    "name": "ADF_Framework_Datasets/SQL"
                },
                "annotations": [],
                "type": "SqlServerTable",
                "schema": [],
                "typeProperties": {}
            },
            "dependsOn": []
        },
        {
            "name": "[concat(parameters('factoryName'), '/BinaryDestination_Archive')]",
            "type": "Microsoft.DataFactory/factories/datasets",
            "apiVersion": "2018-06-01",
            "properties": {
                "linkedServiceName": {
                    "referenceName": "adfadbplt001lsdlsadbplt001",
                    "type": "LinkedServiceReference"
                },
                "parameters": {
                    "container": {
                        "type": "string"
                    },
                    "directory": {
                        "type": "string"
                    },
                    "fileName": {
                        "type": "string"
                    }
                },
                "folder": {
                    "name": "ADF_Framework_Datasets"
                },
                "annotations": [],
                "type": "Binary",
                "typeProperties": {
                    "location": {
                        "type": "AzureBlobFSLocation",
                        "fileName": {
                            "value": "@dataset().fileName",
                            "type": "Expression"
                        },
                        "folderPath": {
                            "value": "@dataset().directory",
                            "type": "Expression"
                        },
                        "fileSystem": {
                            "value": "@dataset().container",
                            "type": "Expression"
                        }
                    },
                    "compression": {
                        "type": "gzip"
                    }
                }
            },
            "dependsOn": []
        },
        {
            "name": "[concat(parameters('factoryName'), '/SqlServerSink')]",
            "type": "Microsoft.DataFactory/factories/datasets",
            "apiVersion": "2018-06-01",
            "properties": {
                "linkedServiceName": {
                    "referenceName": "adfadbplt001lsawswdvsgpw0006",
                    "type": "LinkedServiceReference"
                },
                "parameters": {
                    "schema": {
                        "type": "string"
                    },
                    "table": {
                        "type": "string"
                    }
                },
                "folder": {
                    "name": "ADF_Framework_Datasets/SQL"
                },
                "annotations": [],
                "type": "SqlServerTable",
                "schema": [],
                "typeProperties": {
                    "schema": {
                        "value": "@dataset().schema",
                        "type": "Expression"
                    },
                    "table": {
                        "value": "@dataset().table",
                        "type": "Expression"
                    }
                }
            },
            "dependsOn": []
        },
        {
            "name": "[concat(parameters('factoryName'), '/BinarySourceS3Dataset')]",
            "type": "Microsoft.DataFactory/factories/datasets",
            "apiVersion": "2018-06-01",
            "properties": {
                "linkedServiceName": {
                    "referenceName": "adfadbplt001lsas3adpprd001",
                    "type": "LinkedServiceReference"
                },
                "parameters": {
                    "bucket": {
                        "type": "string"
                    },
                    "directory": {
                        "type": "string"
                    }
                },
                "folder": {
                    "name": "s3_to_adls_idn_utility"
                },
                "annotations": [],
                "type": "Binary",
                "typeProperties": {
                    "location": {
                        "type": "AmazonS3Location",
                        "bucketName": {
                            "value": "@dataset().bucket",
                            "type": "Expression"
                        },
                        "folderPath": {
                            "value": "@dataset().directory",
                            "type": "Expression"
                        }
                    }
                }
            },
            "dependsOn": []
        }
    ]
}