{
    "$schema": "http://schema.management.azure.com/schemas/2015-01-01/deploymentTemplate.json#",
    "contentVersion": "1.0.0.0",
    "parameters": {
        "factoryName": {
            "type": "string",
            "metadata": "Data Factory name",
            "defaultValue": "adfadbprd001"
        }
    },
    "variables": {
        "factoryId": "[concat('Microsoft.DataFactory/factories/', parameters('factoryName'))]"
    },
    "resources": [
        {
            "name": "[concat(parameters('factoryName'), '/sql_server_sink_compressed')]",
            "type": "Microsoft.DataFactory/factories/datasets",
            "apiVersion": "2018-06-01",
            "properties": {
                "linkedServiceName": {
                    "referenceName": "adfadbplt001lsdlsadbplt001",
                    "type": "LinkedServiceReference"
                },
                "parameters": {
                    "container": {
                        "type": "string"
                    },
                    "path": {
                        "type": "string"
                    },
                    "file": {
                        "type": "string"
                    }
                },
                "folder": {
                    "name": "ADF_Framework_Datasets/SQL"
                },
                "annotations": [],
                "type": "DelimitedText",
                "typeProperties": {
                    "location": {
                        "type": "AzureBlobFSLocation",
                        "fileName": {
                            "value": "@dataset().file",
                            "type": "Expression"
                        },
                        "folderPath": {
                            "value": "@dataset().path",
                            "type": "Expression"
                        },
                        "fileSystem": {
                            "value": "@dataset().container",
                            "type": "Expression"
                        }
                    },
                    "columnDelimiter": "\u0001",
                    "rowDelimiter": {
                        "value": "\r\n",
                        "type": "Expression"
                    },
                    "compressionCodec": "gzip",
                    "escapeChar": "\\",
                    "firstRowAsHeader": true,
                    "quoteChar": ""
                },
                "schema": []
            },
            "dependsOn": []
        },
        {
            "name": "[concat(parameters('factoryName'), '/AdlsCsvForZippedSrc')]",
            "type": "Microsoft.DataFactory/factories/datasets",
            "apiVersion": "2018-06-01",
            "properties": {
                "linkedServiceName": {
                    "referenceName": "adfadbplt001lsdlsadbplt001",
                    "type": "LinkedServiceReference"
                },
                "parameters": {
                    "container": {
                        "type": "string"
                    },
                    "folder": {
                        "type": "string"
                    }
                },
                "folder": {
                    "name": "ADF_Framework_Datasets/export"
                },
                "annotations": [],
                "type": "DelimitedText",
                "typeProperties": {
                    "location": {
                        "type": "AzureBlobFSLocation",
                        "folderPath": {
                            "value": "@dataset().folder",
                            "type": "Expression"
                        },
                        "fileSystem": {
                            "value": "@dataset().container",
                            "type": "Expression"
                        }
                    },
                    "columnDelimiter": ",",
                    "escapeChar": "\\",
                    "firstRowAsHeader": true,
                    "quoteChar": ""
                },
                "schema": []
            },
            "dependsOn": []
        },
        {
            "name": "[concat(parameters('factoryName'), '/rg_clavis_redshift_dataset')]",
            "type": "Microsoft.DataFactory/factories/datasets",
            "apiVersion": "2018-06-01",
            "properties": {
                "linkedServiceName": {
                    "referenceName": "adfadbplt001lsarsprdcon360002",
                    "type": "LinkedServiceReference"
                },
                "folder": {
                    "name": "ADF_Framework_Datasets/SQL"
                },
                "annotations": [],
                "type": "AmazonRedshiftTable",
                "schema": [],
                "typeProperties": {}
            },
            "dependsOn": []
        },
        {
            "name": "[concat(parameters('factoryName'), '/sftp_adls_source_binary_gz')]",
            "type": "Microsoft.DataFactory/factories/datasets",
            "apiVersion": "2018-06-01",
            "properties": {
                "linkedServiceName": {
                    "referenceName": "adfadbplt001lsdlsadbplt001",
                    "type": "LinkedServiceReference"
                },
                "parameters": {
                    "adls_container": {
                        "type": "string"
                    },
                    "adls_path": {
                        "type": "string"
                    },
                    "file_name": {
                        "type": "string"
                    }
                },
                "folder": {
                    "name": "ADF_Framework_Datasets/SFTP"
                },
                "annotations": [],
                "type": "Binary",
                "typeProperties": {
                    "location": {
                        "type": "AzureBlobFSLocation",
                        "fileName": {
                            "value": "@dataset().file_name",
                            "type": "Expression"
                        },
                        "folderPath": {
                            "value": "@dataset().adls_path",
                            "type": "Expression"
                        },
                        "fileSystem": {
                            "value": "@dataset().adls_container",
                            "type": "Expression"
                        }
                    },
                    "compression": {
                        "type": "gzip",
                        "level": "Optimal"
                    }
                }
            },
            "dependsOn": []
        },
        {
            "name": "[concat(parameters('factoryName'), '/NotifiyTeamsChannelPipeline')]",
            "type": "Microsoft.DataFactory/factories/pipelines",
            "apiVersion": "2018-06-01",
            "properties": {
                "activities": [
                    {
                        "name": "If support error notification",
                        "type": "IfCondition",
                        "dependsOn": [
                            {
                                "activity": "Set containerWebhook",
                                "dependencyConditions": [
                                    "Succeeded"
                                ]
                            }
                        ],
                        "userProperties": [],
                        "typeProperties": {
                            "expression": {
                                "value": "@and(and(equals(pipeline().parameters.isSupportNotification, 'Yes'), equals(pipeline().parameters.isError, 'Yes')),contains(pipeline().DataFactory,'prd'))",
                                "type": "Expression"
                            },
                            "ifTrueActivities": [
                                {
                                    "name": "Set JSON Schema support",
                                    "type": "SetVariable",
                                    "dependsOn": [
                                        {
                                            "activity": "Set supportWebhook",
                                            "dependencyConditions": [
                                                "Succeeded"
                                            ]
                                        }
                                    ],
                                    "policy": {
                                        "secureOutput": false,
                                        "secureInput": false
                                    },
                                    "userProperties": [],
                                    "typeProperties": {
                                        "variableName": "messageCardSupport",
                                        "value": {
                                            "value": "{\n    \"@type\": \"MessageCard\",\n    \"@context\": \"http://schema.org/extensions\",\n    \"themeColor\": \"0076D7\",\n    \"summary\": \"Pipeline status alert message​​​​\",\n    \"sections\": [\n        {\n            \"activityTitle\": \"Pipeline execution alert​​​​\",\n            \"facts\": [\n                {\n                    \"name\": \"Subscription Id:\",\n                    \"value\": \"@{pipeline().parameters.subscription}\"\n                },\n                {\n                    \"name\": \"Resource Group:\",\n                    \"value\": \"@{pipeline().parameters.resourceGroup}\"\n                },\n                {\n                    \"name\": \"Data Factory Name:\",\n                    \"value\": \"@{pipeline().DataFactory}\"\n                },\n                {\n                    \"name\": \"Pipeline RunId:\",\n                    \"value\": \"@{pipeline().parameters.runId}\"\n                },\n                {\n                    \"name\": \"Pipeline Name:\",\n                    \"value\": \"@{pipeline().parameters.name}\"\n                },\n                {\n                    \"name\": \"Pipeline Status:\",\n                    \"value\": \"@{pipeline().parameters.status}\"\n                },\n                {\n                    \"name\": \"Execution Start Time (SGT):\",\n                    \"value\": \"@{convertTimeZone(pipeline().parameters.triggerTime, 'UTC', 'Singapore Standard Time')}\"\n                },\n                {\n                    \"name\": \"Message:\",\n                    \"value\": \"@{replace(replace(replace(replace(replace(replace(pipeline().parameters.supportMessage,'\"',''),'\\n','~~'),'\\',''),'~~','\\n'),'{',''),'}','')}\"\n                },\n                {\n                    \"name\": \"Notification Time (SGT):\",\n                    \"value\": \"@{convertTimeZone(utcnow(), 'UTC', 'Singapore Standard Time')}\"\n                }\n            ],\n            \"markdown\": true\n        }\n    ],\n    \"potentialAction\": [\n        {\n            \"@type\": \"OpenUri\",\n            \"name\": \"View pipeline run\",\n            \"targets\": [\n                {\n                    \"os\": \"default\",\n                    \"uri\": \"@{concat('https://adf.azure.com/monitoring/pipelineruns/',pipeline().parameters.runId,'?factory=%2Fsubscriptions%2F',pipeline().parameters.subscription,'%2FresourceGroups%2F',pipeline().parameters.resourceGroup,'%2Fproviders%2FMicrosoft.DataFactory%2Ffactories%2F',pipeline().DataFactory)}\"\n                }\n            ]\n        }\n    ]\n}",
                                            "type": "Expression"
                                        }
                                    }
                                },
                                {
                                    "name": "Invoke Teams Webhook URL support",
                                    "type": "WebActivity",
                                    "dependsOn": [
                                        {
                                            "activity": "Set JSON Schema support",
                                            "dependencyConditions": [
                                                "Succeeded"
                                            ]
                                        }
                                    ],
                                    "policy": {
                                        "timeout": "0.12:00:00",
                                        "retry": 0,
                                        "retryIntervalInSeconds": 30,
                                        "secureOutput": false,
                                        "secureInput": false
                                    },
                                    "userProperties": [],
                                    "typeProperties": {
                                        "method": "POST",
                                        "headers": {},
                                        "url": {
                                            "value": "@variables('supportWebhook')",
                                            "type": "Expression"
                                        },
                                        "connectVia": {
                                            "referenceName": "adfiradbplt001",
                                            "type": "IntegrationRuntimeReference"
                                        },
                                        "body": {
                                            "value": "@json(variables('messageCardSupport'))",
                                            "type": "Expression"
                                        }
                                    }
                                },
                                {
                                    "name": "Set supportWebhook",
                                    "type": "SetVariable",
                                    "dependsOn": [],
                                    "policy": {
                                        "secureOutput": false,
                                        "secureInput": false
                                    },
                                    "userProperties": [],
                                    "typeProperties": {
                                        "variableName": "supportWebhook",
                                        "value": "https://kenvue.webhook.office.com/webhookb2/08067575-6f4e-4e13-a36c-bc85d41b2896@7ba64ac2-8a2b-417e-9b8f-fcf8238f2a56/IncomingWebhook/18e6b38e15064ca9979eeb063f457f05/b96e6ec8-5d95-42c8-9ba2-44a3024dd2ac"
                                    }
                                }
                            ]
                        }
                    },
                    {
                        "name": "WaitSecond",
                        "type": "Wait",
                        "dependsOn": [],
                        "userProperties": [],
                        "typeProperties": {
                            "waitTimeInSeconds": 1
                        }
                    },
                    {
                        "name": "If business error notification",
                        "type": "IfCondition",
                        "dependsOn": [
                            {
                                "activity": "Set containerWebhook",
                                "dependencyConditions": [
                                    "Succeeded"
                                ]
                            }
                        ],
                        "userProperties": [],
                        "typeProperties": {
                            "expression": {
                                "value": "@and(and(equals(pipeline().parameters.isBusinessNotification, 'Yes'), equals(pipeline().parameters.isError, 'Yes')),contains(pipeline().DataFactory,'prd'))",
                                "type": "Expression"
                            },
                            "ifTrueActivities": [
                                {
                                    "name": "Set JSON Schema business",
                                    "type": "SetVariable",
                                    "dependsOn": [
                                        {
                                            "activity": "Set business Webhook",
                                            "dependencyConditions": [
                                                "Succeeded"
                                            ]
                                        }
                                    ],
                                    "policy": {
                                        "secureOutput": false,
                                        "secureInput": false
                                    },
                                    "userProperties": [],
                                    "typeProperties": {
                                        "variableName": "messageCardBusiness",
                                        "value": {
                                            "value": "{\n    \"@type\": \"MessageCard\",\n    \"@context\": \"http://schema.org/extensions\",\n    \"themeColor\": \"0076D7\",\n    \"summary\": \"Pipeline status alert message​​​​\",\n    \"sections\": [\n        {\n            \"activityTitle\": \"Pipeline failure alert​​​​\",\n            \"facts\": [\n                {\n                    \"name\": \"Execution Start Time (SGT):\",\n                    \"value\": \"@{convertTimeZone(pipeline().parameters.triggerTime, 'UTC', 'Singapore Standard Time')}\"\n                },\n                {\n                    \"name\": \"Message:\",\n                    \"value\": \"@{replace(replace(replace(replace(replace(replace(pipeline().parameters.businessMessage,'\"',''),'\\n','~~'),'\\',''),'~~','\\n'),'{',''),'}','')}\"\n                }\n            ],\n            \"markdown\": true\n        }\n    ],\n    \"potentialAction\": [\n        {\n            \"@type\": \"OpenUri\",\n            \"name\": \"Download File Attachment\",\n            \"targets\": [\n                {\n                    \"os\": \"default\",\n                    \"uri\": \"@{if(equals(pipeline().parameters.fileUrl, null),'', pipeline().parameters.fileUrl)}\"\n                }\n            ]\n        }\n    ]\n}",
                                            "type": "Expression"
                                        }
                                    }
                                },
                                {
                                    "name": "Invoke Teams Webhook URL business",
                                    "type": "WebActivity",
                                    "dependsOn": [
                                        {
                                            "activity": "Set JSON Schema business",
                                            "dependencyConditions": [
                                                "Succeeded"
                                            ]
                                        }
                                    ],
                                    "policy": {
                                        "timeout": "0.12:00:00",
                                        "retry": 0,
                                        "retryIntervalInSeconds": 30,
                                        "secureOutput": false,
                                        "secureInput": false
                                    },
                                    "userProperties": [],
                                    "typeProperties": {
                                        "method": "POST",
                                        "headers": {},
                                        "url": {
                                            "value": "@variables('businessWebhook')",
                                            "type": "Expression"
                                        },
                                        "connectVia": {
                                            "referenceName": "adfiradbplt001",
                                            "type": "IntegrationRuntimeReference"
                                        },
                                        "body": {
                                            "value": "@json(variables('messageCardBusiness'))",
                                            "type": "Expression"
                                        }
                                    }
                                },
                                {
                                    "name": "Set business Webhook",
                                    "type": "SetVariable",
                                    "dependsOn": [],
                                    "policy": {
                                        "secureOutput": false,
                                        "secureInput": false
                                    },
                                    "userProperties": [],
                                    "typeProperties": {
                                        "variableName": "businessWebhook",
                                        "value": {
                                            "value": "@json(variables('container_webhook'))[pipeline().parameters.container]",
                                            "type": "Expression"
                                        }
                                    }
                                }
                            ]
                        }
                    },
                    {
                        "name": "Set containerWebhook",
                        "type": "SetVariable",
                        "dependsOn": [
                            {
                                "activity": "WaitSecond",
                                "dependencyConditions": [
                                    "Succeeded"
                                ]
                            }
                        ],
                        "policy": {
                            "secureOutput": false,
                            "secureInput": false
                        },
                        "userProperties": [],
                        "typeProperties": {
                            "variableName": "container_webhook",
                            "value": "{\n  \"ASP\": \"https://kenvue.webhook.office.com/webhookb2/08067575-6f4e-4e13-a36c-bc85d41b2896@7ba64ac2-8a2b-417e-9b8f-fcf8238f2a56/IncomingWebhook/b398da3c0a4f4850be50325f503952dc/b96e6ec8-5d95-42c8-9ba2-44a3024dd2ac\",\n  \"CHN\": \"https://kenvue.webhook.office.com/webhookb2/08067575-6f4e-4e13-a36c-bc85d41b2896@7ba64ac2-8a2b-417e-9b8f-fcf8238f2a56/IncomingWebhook/f0665cb578094c46b29dddd4ea186a61/b96e6ec8-5d95-42c8-9ba2-44a3024dd2ac\",\n  \"HKG\": \"https://kenvue.webhook.office.com/webhookb2/08067575-6f4e-4e13-a36c-bc85d41b2896@7ba64ac2-8a2b-417e-9b8f-fcf8238f2a56/IncomingWebhook/ac3ed430c1ee4d72a6d8859915e678ff/b96e6ec8-5d95-42c8-9ba2-44a3024dd2ac\",\n  \"IDN\": \"https://kenvue.webhook.office.com/webhookb2/08067575-6f4e-4e13-a36c-bc85d41b2896@7ba64ac2-8a2b-417e-9b8f-fcf8238f2a56/IncomingWebhook/8717a553083e434083969ea900f83d32/b96e6ec8-5d95-42c8-9ba2-44a3024dd2ac\",\n  \"JPN\": \"https://kenvue.webhook.office.com/webhookb2/08067575-6f4e-4e13-a36c-bc85d41b2896@7ba64ac2-8a2b-417e-9b8f-fcf8238f2a56/IncomingWebhook/955285172d4f4bf2b78d2d38fc386867/b96e6ec8-5d95-42c8-9ba2-44a3024dd2ac\",\n  \"KOR\": \"https://kenvue.webhook.office.com/webhookb2/08067575-6f4e-4e13-a36c-bc85d41b2896@7ba64ac2-8a2b-417e-9b8f-fcf8238f2a56/IncomingWebhook/197e62552b27472b85053504e21a1953/b96e6ec8-5d95-42c8-9ba2-44a3024dd2ac\",\n  \"MYS\": \"https://kenvue.webhook.office.com/webhookb2/08067575-6f4e-4e13-a36c-bc85d41b2896@7ba64ac2-8a2b-417e-9b8f-fcf8238f2a56/IncomingWebhook/b913f1628c39442c8580554b194c55ee/b96e6ec8-5d95-42c8-9ba2-44a3024dd2ac\",\n  \"PAC\": \"https://kenvue.webhook.office.com/webhookb2/08067575-6f4e-4e13-a36c-bc85d41b2896@7ba64ac2-8a2b-417e-9b8f-fcf8238f2a56/IncomingWebhook/393969131bfc443d839e218ea9a06547/b96e6ec8-5d95-42c8-9ba2-44a3024dd2ac\",\n  \"PHL\": \"https://kenvue.webhook.office.com/webhookb2/08067575-6f4e-4e13-a36c-bc85d41b2896@7ba64ac2-8a2b-417e-9b8f-fcf8238f2a56/IncomingWebhook/99782cf96c264ba8aa7ef72613e18704/b96e6ec8-5d95-42c8-9ba2-44a3024dd2ac\",\n  \"SGP\": \"https://kenvue.webhook.office.com/webhookb2/08067575-6f4e-4e13-a36c-bc85d41b2896@7ba64ac2-8a2b-417e-9b8f-fcf8238f2a56/IncomingWebhook/fdcbd28ccf0943ff92ece9d7932c01cf/b96e6ec8-5d95-42c8-9ba2-44a3024dd2ac\",\n  \"TWN\": \"https://kenvue.webhook.office.com/webhookb2/08067575-6f4e-4e13-a36c-bc85d41b2896@7ba64ac2-8a2b-417e-9b8f-fcf8238f2a56/IncomingWebhook/26861b46646545f19c0777e302087af6/b96e6ec8-5d95-42c8-9ba2-44a3024dd2ac\",\n  \"THA\": \"https://kenvue.webhook.office.com/webhookb2/08067575-6f4e-4e13-a36c-bc85d41b2896@7ba64ac2-8a2b-417e-9b8f-fcf8238f2a56/IncomingWebhook/19d85b838d734fcaa78d4a2fe434a454/b96e6ec8-5d95-42c8-9ba2-44a3024dd2ac\",\n  \"VNM\": \"https://kenvue.webhook.office.com/webhookb2/08067575-6f4e-4e13-a36c-bc85d41b2896@7ba64ac2-8a2b-417e-9b8f-fcf8238f2a56/IncomingWebhook/39a67f22c5554058b0fdb0a6ca2cf97c/b96e6ec8-5d95-42c8-9ba2-44a3024dd2ac\",\n  \"IND\": \"https://kenvue.webhook.office.com/webhookb2/08067575-6f4e-4e13-a36c-bc85d41b2896@7ba64ac2-8a2b-417e-9b8f-fcf8238f2a56/IncomingWebhook/acd0598a7f55474398dcd724276ed628/b96e6ec8-5d95-42c8-9ba2-44a3024dd2ac\"\n}"
                        }
                    },
                    {
                        "name": "If business success notification",
                        "type": "IfCondition",
                        "dependsOn": [
                            {
                                "activity": "Set containerWebhook",
                                "dependencyConditions": [
                                    "Succeeded"
                                ]
                            }
                        ],
                        "userProperties": [],
                        "typeProperties": {
                            "expression": {
                                "value": "@and(and(equals(pipeline().parameters.isBusinessNotification, 'Yes'), equals(pipeline().parameters.isError, 'No')),contains(pipeline().DataFactory,'prd'))",
                                "type": "Expression"
                            },
                            "ifTrueActivities": [
                                {
                                    "name": "Set JSON Schema business success",
                                    "type": "SetVariable",
                                    "dependsOn": [
                                        {
                                            "activity": "Set business Webhook_success",
                                            "dependencyConditions": [
                                                "Succeeded"
                                            ]
                                        }
                                    ],
                                    "policy": {
                                        "secureOutput": false,
                                        "secureInput": false
                                    },
                                    "userProperties": [],
                                    "typeProperties": {
                                        "variableName": "messageCardBusiness",
                                        "value": {
                                            "value": "{\n    \"@type\": \"MessageCard\",\n    \"@context\": \"http://schema.org/extensions\",\n    \"themeColor\": \"0076D7\",\n    \"summary\": \"Pipeline status alert message​​​​\",\n    \"sections\": [\n        {\n            \"activityTitle\": \"Pipeline Success alert​​​​\",\n            \"facts\": [\n                {\n                    \"name\": \"Execution Start Time (SGT):\",\n                    \"value\": \"@{convertTimeZone(pipeline().parameters.triggerTime, 'UTC', 'Singapore Standard Time')}\"\n                },\n                {\n                    \"name\": \"Message:\",\n                    \"value\": \"@{replace(replace(replace(replace(replace(replace(pipeline().parameters.businessMessage,'\"',''),'\\n','~~'),'\\',''),'~~','\\n'),'{',''),'}','')}\"\n                }\n            ],\n            \"markdown\": true\n        }\n    ],\n    \"potentialAction\": [\n        {\n            \"@type\": \"OpenUri\",\n            \"name\": \"Download File Attachment\",\n            \"targets\": [\n                {\n                    \"os\": \"default\",\n                    \"uri\": \"@{if(equals(pipeline().parameters.fileUrl, null),'', pipeline().parameters.fileUrl)}\"\n                }\n            ]\n        }\n    ]\n}",
                                            "type": "Expression"
                                        }
                                    }
                                },
                                {
                                    "name": "Invoke Teams Webhook URL business success",
                                    "type": "WebActivity",
                                    "dependsOn": [
                                        {
                                            "activity": "Set JSON Schema business success",
                                            "dependencyConditions": [
                                                "Succeeded"
                                            ]
                                        }
                                    ],
                                    "policy": {
                                        "timeout": "0.12:00:00",
                                        "retry": 0,
                                        "retryIntervalInSeconds": 30,
                                        "secureOutput": false,
                                        "secureInput": false
                                    },
                                    "userProperties": [],
                                    "typeProperties": {
                                        "method": "POST",
                                        "headers": {},
                                        "url": {
                                            "value": "@variables('businessWebhook')",
                                            "type": "Expression"
                                        },
                                        "connectVia": {
                                            "referenceName": "adfiradbplt001",
                                            "type": "IntegrationRuntimeReference"
                                        },
                                        "body": {
                                            "value": "@json(variables('messageCardBusiness'))",
                                            "type": "Expression"
                                        }
                                    }
                                },
                                {
                                    "name": "Set business Webhook_success",
                                    "type": "SetVariable",
                                    "dependsOn": [],
                                    "policy": {
                                        "secureOutput": false,
                                        "secureInput": false
                                    },
                                    "userProperties": [],
                                    "typeProperties": {
                                        "variableName": "businessWebhook",
                                        "value": {
                                            "value": "@json(variables('container_webhook'))[pipeline().parameters.container]",
                                            "type": "Expression"
                                        }
                                    }
                                }
                            ]
                        }
                    }
                ],
                "policy": {
                    "elapsedTimeMetric": {}
                },
                "parameters": {
                    "subscription": {
                        "type": "string"
                    },
                    "resourceGroup": {
                        "type": "string"
                    },
                    "runId": {
                        "type": "string"
                    },
                    "name": {
                        "type": "string"
                    },
                    "triggerTime": {
                        "type": "string"
                    },
                    "status": {
                        "type": "string"
                    },
                    "supportMessage": {
                        "type": "string"
                    },
                    "isBusinessNotification": {
                        "type": "string",
                        "defaultValue": "No"
                    },
                    "isSupportNotification": {
                        "type": "string",
                        "defaultValue": "No"
                    },
                    "businessMessage": {
                        "type": "string"
                    },
                    "isError": {
                        "type": "string",
                        "defaultValue": "Yes"
                    },
                    "container": {
                        "type": "string"
                    },
                    "fileUrl": {
                        "type": "string"
                    }
                },
                "variables": {
                    "messageCardBusiness": {
                        "type": "String"
                    },
                    "messageCardSupport": {
                        "type": "String"
                    },
                    "currentTime": {
                        "type": "String"
                    },
                    "container_webhook": {
                        "type": "String"
                    },
                    "businessWebhook": {
                        "type": "String"
                    },
                    "supportWebhook": {
                        "type": "String"
                    }
                },
                "folder": {
                    "name": "MS Teams Notification"
                },
                "annotations": [],
                "lastPublishTime": "2024-10-04T11:26:45Z"
            },
            "dependsOn": []
        },
        {
            "name": "[concat(parameters('factoryName'), '/mtd_process')]",
            "type": "Microsoft.DataFactory/factories/datasets",
            "apiVersion": "2018-06-01",
            "properties": {
                "linkedServiceName": {
                    "referenceName": "adfadbplt001lssnfkpltdnaload002",
                    "type": "LinkedServiceReference"
                },
                "folder": {
                    "name": "ADF_Framework_Datasets"
                },
                "annotations": [],
                "type": "SnowflakeV2Table",
                "schema": [],
                "typeProperties": {}
            },
            "dependsOn": []
        },
        {
            "name": "[concat(parameters('factoryName'), '/DbtRestAPI')]",
            "type": "Microsoft.DataFactory/factories/datasets",
            "apiVersion": "2018-06-01",
            "properties": {
                "linkedServiceName": {
                    "referenceName": "adfadbplt001lsdbtclouddnacore",
                    "type": "LinkedServiceReference"
                },
                "parameters": {
                    "url": {
                        "type": "string"
                    }
                },
                "folder": {
                    "name": "ADF_Framework_Datasets/DBT"
                },
                "annotations": [],
                "type": "RestResource",
                "typeProperties": {
                    "relativeUrl": {
                        "value": "@dataset().url",
                        "type": "Expression"
                    }
                },
                "schema": []
            },
            "dependsOn": []
        },
        {
            "name": "[concat(parameters('factoryName'), '/DNA_CORE_Dataset')]",
            "type": "Microsoft.DataFactory/factories/datasets",
            "apiVersion": "2018-06-01",
            "properties": {
                "linkedServiceName": {
                    "referenceName": "adfadbplt001lssnfkpltdnacore002",
                    "type": "LinkedServiceReference"
                },
                "folder": {
                    "name": "ADF_Framework_Datasets/DBT"
                },
                "annotations": [],
                "type": "SnowflakeV2Table",
                "schema": [],
                "typeProperties": {}
            },
            "dependsOn": []
        },
        {
            "name": "[concat(parameters('factoryName'), '/sftp_adls_sink_binary')]",
            "type": "Microsoft.DataFactory/factories/datasets",
            "apiVersion": "2018-06-01",
            "properties": {
                "linkedServiceName": {
                    "referenceName": "adfadbplt001lsdlsadbplt001_ir001",
                    "type": "LinkedServiceReference"
                },
                "parameters": {
                    "adls_container": {
                        "type": "string"
                    },
                    "adls_path": {
                        "type": "string"
                    }
                },
                "folder": {
                    "name": "ADF_Framework_Datasets/SFTP"
                },
                "annotations": [],
                "type": "Binary",
                "typeProperties": {
                    "location": {
                        "type": "AzureBlobFSLocation",
                        "folderPath": {
                            "value": "@dataset().adls_path",
                            "type": "Expression"
                        },
                        "fileSystem": {
                            "value": "@dataset().adls_container",
                            "type": "Expression"
                        }
                    }
                }
            },
            "dependsOn": []
        },
        {
            "name": "[concat(parameters('factoryName'), '/BinarySFTPmarketingcloudopsphl')]",
            "type": "Microsoft.DataFactory/factories/datasets",
            "apiVersion": "2018-06-01",
            "properties": {
                "linkedServiceName": {
                    "referenceName": "adfadbplt001lsmarketingcloudopsphl",
                    "type": "LinkedServiceReference"
                },
                "parameters": {
                    "directory": {
                        "type": "string"
                    },
                    "filename": {
                        "type": "string"
                    }
                },
                "folder": {
                    "name": "ADF_Framework_Datasets/SFTP"
                },
                "annotations": [],
                "type": "Binary",
                "typeProperties": {
                    "location": {
                        "type": "SftpLocation",
                        "fileName": {
                            "value": "@dataset().filename",
                            "type": "Expression"
                        },
                        "folderPath": {
                            "value": "@dataset().directory",
                            "type": "Expression"
                        }
                    }
                }
            },
            "dependsOn": []
        },
        {
            "name": "[concat(parameters('factoryName'), '/BinarySFTPexacttargettha')]",
            "type": "Microsoft.DataFactory/factories/datasets",
            "apiVersion": "2018-06-01",
            "properties": {
                "linkedServiceName": {
                    "referenceName": "adfadbplt001lsexacttargettha",
                    "type": "LinkedServiceReference"
                },
                "parameters": {
                    "directory": {
                        "type": "string"
                    },
                    "filename": {
                        "type": "string"
                    }
                },
                "folder": {
                    "name": "ADF_Framework_Datasets/SFTP"
                },
                "annotations": [],
                "type": "Binary",
                "typeProperties": {
                    "location": {
                        "type": "SftpLocation",
                        "fileName": {
                            "value": "@dataset().filename",
                            "type": "Expression"
                        },
                        "folderPath": {
                            "value": "@dataset().directory",
                            "type": "Expression"
                        }
                    }
                }
            },
            "dependsOn": []
        },
        {
            "name": "[concat(parameters('factoryName'), '/BinarySFTPmarketingcloudopstha')]",
            "type": "Microsoft.DataFactory/factories/datasets",
            "apiVersion": "2018-06-01",
            "properties": {
                "linkedServiceName": {
                    "referenceName": "adfadbplt001lsmarketingcloudopstha",
                    "type": "LinkedServiceReference"
                },
                "parameters": {
                    "directory": {
                        "type": "string"
                    },
                    "filename": {
                        "type": "string"
                    }
                },
                "folder": {
                    "name": "ADF_Framework_Datasets/SFTP"
                },
                "annotations": [],
                "type": "Binary",
                "typeProperties": {
                    "location": {
                        "type": "SftpLocation",
                        "fileName": {
                            "value": "@dataset().filename",
                            "type": "Expression"
                        },
                        "folderPath": {
                            "value": "@dataset().directory",
                            "type": "Expression"
                        }
                    }
                }
            },
            "dependsOn": []
        },
        {
            "name": "[concat(parameters('factoryName'), '/BinarySFTPexacttargetphl')]",
            "type": "Microsoft.DataFactory/factories/datasets",
            "apiVersion": "2018-06-01",
            "properties": {
                "linkedServiceName": {
                    "referenceName": "adfadbplt001lsexacttargetphl",
                    "type": "LinkedServiceReference"
                },
                "parameters": {
                    "directory": {
                        "type": "string"
                    },
                    "filename": {
                        "type": "string"
                    }
                },
                "folder": {
                    "name": "ADF_Framework_Datasets/SFTP"
                },
                "annotations": [],
                "type": "Binary",
                "typeProperties": {
                    "location": {
                        "type": "SftpLocation",
                        "fileName": {
                            "value": "@dataset().filename",
                            "type": "Expression"
                        },
                        "folderPath": {
                            "value": "@dataset().directory",
                            "type": "Expression"
                        }
                    }
                }
            },
            "dependsOn": []
        },
        {
            "name": "[concat(parameters('factoryName'), '/BinarySFTPperensoaus')]",
            "type": "Microsoft.DataFactory/factories/datasets",
            "apiVersion": "2018-06-01",
            "properties": {
                "linkedServiceName": {
                    "referenceName": "adfadbplt001lsperensoaus",
                    "type": "LinkedServiceReference"
                },
                "parameters": {
                    "directory": {
                        "type": "string"
                    },
                    "filename": {
                        "type": "string"
                    }
                },
                "folder": {
                    "name": "ADF_Framework_Datasets/SFTP"
                },
                "annotations": [],
                "type": "Binary",
                "typeProperties": {
                    "location": {
                        "type": "SftpLocation",
                        "fileName": {
                            "value": "@dataset().filename",
                            "type": "Expression"
                        },
                        "folderPath": {
                            "value": "@dataset().directory",
                            "type": "Expression"
                        }
                    }
                }
            },
            "dependsOn": []
        },
        {
            "name": "[concat(parameters('factoryName'), '/BinarySFTPiqviaaus')]",
            "type": "Microsoft.DataFactory/factories/datasets",
            "apiVersion": "2018-06-01",
            "properties": {
                "linkedServiceName": {
                    "referenceName": "adfadbplt001lsiqviaaus",
                    "type": "LinkedServiceReference"
                },
                "parameters": {
                    "directory": {
                        "type": "string"
                    },
                    "filename": {
                        "type": "string"
                    }
                },
                "folder": {
                    "name": "ADF_Framework_Datasets/SFTP"
                },
                "annotations": [],
                "type": "Binary",
                "typeProperties": {
                    "location": {
                        "type": "SftpLocation",
                        "fileName": {
                            "value": "@dataset().filename",
                            "type": "Expression"
                        },
                        "folderPath": {
                            "value": "@dataset().directory",
                            "type": "Expression"
                        }
                    }
                }
            },
            "dependsOn": []
        },
        {
            "name": "[concat(parameters('factoryName'), '/BinarySFTPpopcompany')]",
            "type": "Microsoft.DataFactory/factories/datasets",
            "apiVersion": "2018-06-01",
            "properties": {
                "linkedServiceName": {
                    "referenceName": "adfadbplt001lsthepopcompanycom",
                    "type": "LinkedServiceReference"
                },
                "parameters": {
                    "directory": {
                        "type": "string"
                    },
                    "filename": {
                        "type": "string"
                    }
                },
                "folder": {
                    "name": "ADF_Framework_Datasets/SFTP"
                },
                "annotations": [],
                "type": "Binary",
                "typeProperties": {
                    "location": {
                        "type": "SftpLocation",
                        "fileName": {
                            "value": "@dataset().filename",
                            "type": "Expression"
                        },
                        "folderPath": {
                            "value": "@dataset().directory",
                            "type": "Expression"
                        }
                    }
                }
            },
            "dependsOn": []
        },
        {
            "name": "[concat(parameters('factoryName'), '/File_system_dest_th')]",
            "type": "Microsoft.DataFactory/factories/datasets",
            "apiVersion": "2018-06-01",
            "properties": {
                "linkedServiceName": {
                    "referenceName": "adfadbplt001lsdlsadbplt001_ir001",
                    "type": "LinkedServiceReference"
                },
                "parameters": {
                    "container": {
                        "type": "string"
                    },
                    "folder_path": {
                        "type": "string"
                    }
                },
                "folder": {
                    "name": "ADF_Framework_Datasets/FILE_SYSTEM"
                },
                "annotations": [],
                "type": "Binary",
                "typeProperties": {
                    "location": {
                        "type": "AzureBlobFSLocation",
                        "folderPath": {
                            "value": "@dataset().folder_path",
                            "type": "Expression"
                        },
                        "fileSystem": {
                            "value": "@dataset().container",
                            "type": "Expression"
                        }
                    }
                }
            },
            "dependsOn": []
        },
        {
            "name": "[concat(parameters('factoryName'), '/File_system_dest_th_zip')]",
            "type": "Microsoft.DataFactory/factories/datasets",
            "apiVersion": "2018-06-01",
            "properties": {
                "linkedServiceName": {
                    "referenceName": "adfadbplt001lsdlsadbplt001_ir001",
                    "type": "LinkedServiceReference"
                },
                "parameters": {
                    "container": {
                        "type": "string"
                    },
                    "folder_path": {
                        "type": "string"
                    }
                },
                "folder": {
                    "name": "ADF_Framework_Datasets/FILE_SYSTEM"
                },
                "annotations": [],
                "type": "Binary",
                "typeProperties": {
                    "location": {
                        "type": "AzureBlobFSLocation",
                        "folderPath": {
                            "value": "@dataset().folder_path",
                            "type": "Expression"
                        },
                        "fileSystem": {
                            "value": "@dataset().container",
                            "type": "Expression"
                        }
                    },
                    "compression": {
                        "type": "ZipDeflate",
                        "level": "Fastest"
                    }
                }
            },
            "dependsOn": []
        },
        {
            "name": "[concat(parameters('factoryName'), '/csv_blob_sink')]",
            "type": "Microsoft.DataFactory/factories/datasets",
            "apiVersion": "2018-06-01",
            "properties": {
                "linkedServiceName": {
                    "referenceName": "adfadbplt001lsdlsadbplt001_blob",
                    "type": "LinkedServiceReference"
                },
                "parameters": {
                    "container": {
                        "type": "string"
                    },
                    "directory": {
                        "type": "string"
                    },
                    "file": {
                        "type": "string"
                    }
                },
                "folder": {
                    "name": "ADF_Framework_Datasets/SQL"
                },
                "annotations": [],
                "type": "DelimitedText",
                "typeProperties": {
                    "location": {
                        "type": "AzureBlobStorageLocation",
                        "fileName": {
                            "value": "@dataset().file",
                            "type": "Expression"
                        },
                        "folderPath": {
                            "value": "@dataset().directory",
                            "type": "Expression"
                        },
                        "container": {
                            "value": "@dataset().container",
                            "type": "Expression"
                        }
                    },
                    "columnDelimiter": "\u0001",
                    "rowDelimiter": "\r\n",
                    "escapeChar": "\\",
                    "firstRowAsHeader": true,
                    "quoteChar": "\""
                },
                "schema": []
            },
            "dependsOn": []
        },
        {
            "name": "[concat(parameters('factoryName'), '/snowflake_sink_target')]",
            "type": "Microsoft.DataFactory/factories/datasets",
            "apiVersion": "2018-06-01",
            "properties": {
                "linkedServiceName": {
                    "referenceName": "adfadbplt001lssnfkpltdnaload002",
                    "type": "LinkedServiceReference"
                },
                "parameters": {
                    "tablename": {
                        "type": "string"
                    },
                    "schemaname": {
                        "type": "string"
                    }
                },
                "folder": {
                    "name": "ADF_Framework_Datasets"
                },
                "annotations": [],
                "type": "SnowflakeV2Table",
                "schema": [],
                "typeProperties": {
                    "schema": {
                        "value": "@dataset().schemaname",
                        "type": "Expression"
                    },
                    "table": {
                        "value": "@dataset().tablename",
                        "type": "Expression"
                    }
                }
            },
            "dependsOn": []
        }
    ]
}