{
    "$schema": "http://schema.management.azure.com/schemas/2015-01-01/deploymentTemplate.json#",
    "contentVersion": "1.0.0.0",
    "parameters": {
        "factoryName": {
            "type": "string",
            "metadata": "Data Factory name",
            "defaultValue": "adfadbprd001"
        }
    },
    "variables": {
        "factoryId": "[concat('Microsoft.DataFactory/factories/', parameters('factoryName'))]"
    },
    "resources": [
        {
            "name": "[concat(parameters('factoryName'), '/sql_server_sink_soh_delim')]",
            "type": "Microsoft.DataFactory/factories/datasets",
            "apiVersion": "2018-06-01",
            "properties": {
                "linkedServiceName": {
                    "referenceName": "adfadbplt001lsdlsadbplt001",
                    "type": "LinkedServiceReference"
                },
                "parameters": {
                    "container": {
                        "type": "string"
                    },
                    "path": {
                        "type": "string"
                    },
                    "file": {
                        "type": "string"
                    }
                },
                "folder": {
                    "name": "ADF_Framework_Datasets/SQL"
                },
                "annotations": [],
                "type": "DelimitedText",
                "typeProperties": {
                    "location": {
                        "type": "AzureBlobFSLocation",
                        "fileName": {
                            "value": "@dataset().file",
                            "type": "Expression"
                        },
                        "folderPath": {
                            "value": "@dataset().path",
                            "type": "Expression"
                        },
                        "fileSystem": {
                            "value": "@dataset().container",
                            "type": "Expression"
                        }
                    },
                    "columnDelimiter": "\u0001",
                    "rowDelimiter": {
                        "value": "\r\n",
                        "type": "Expression"
                    },
                    "escapeChar": "\\",
                    "firstRowAsHeader": true,
                    "quoteChar": "\""
                },
                "schema": []
            },
            "dependsOn": []
        },
        {
            "name": "[concat(parameters('factoryName'), '/BinarySinkAdlsDataset')]",
            "type": "Microsoft.DataFactory/factories/datasets",
            "apiVersion": "2018-06-01",
            "properties": {
                "linkedServiceName": {
                    "referenceName": "adfadbplt001lsdlsadbplt001",
                    "type": "LinkedServiceReference"
                },
                "parameters": {
                    "container": {
                        "type": "string"
                    },
                    "directory": {
                        "type": "string"
                    }
                },
                "folder": {
                    "name": "s3_to_adls_idn_utility"
                },
                "annotations": [],
                "type": "Binary",
                "typeProperties": {
                    "location": {
                        "type": "AzureBlobFSLocation",
                        "folderPath": {
                            "value": "@dataset().directory",
                            "type": "Expression"
                        },
                        "fileSystem": {
                            "value": "@dataset().container",
                            "type": "Expression"
                        }
                    }
                }
            },
            "dependsOn": []
        },
        {
            "name": "[concat(parameters('factoryName'), '/mysql_server_sink_multifile')]",
            "type": "Microsoft.DataFactory/factories/datasets",
            "apiVersion": "2018-06-01",
            "properties": {
                "linkedServiceName": {
                    "referenceName": "adfadbplt001lsdlsadbplt001",
                    "type": "LinkedServiceReference"
                },
                "parameters": {
                    "container": {
                        "type": "string"
                    },
                    "path": {
                        "type": "string"
                    }
                },
                "folder": {
                    "name": "ADF_Framework_Datasets/SQL"
                },
                "annotations": [],
                "type": "DelimitedText",
                "typeProperties": {
                    "location": {
                        "type": "AzureBlobFSLocation",
                        "folderPath": {
                            "value": "@dataset().path",
                            "type": "Expression"
                        },
                        "fileSystem": {
                            "value": "@dataset().container",
                            "type": "Expression"
                        }
                    },
                    "columnDelimiter": "\u0001",
                    "rowDelimiter": {
                        "value": "\r\n",
                        "type": "Expression"
                    },
                    "escapeChar": "\\",
                    "firstRowAsHeader": true,
                    "quoteChar": ""
                },
                "schema": []
            },
            "dependsOn": []
        },
        {
            "name": "[concat(parameters('factoryName'), '/BinaryDestination_Archive_Batch')]",
            "type": "Microsoft.DataFactory/factories/datasets",
            "apiVersion": "2018-06-01",
            "properties": {
                "linkedServiceName": {
                    "referenceName": "adfadbplt001lsdlsadbplt001",
                    "type": "LinkedServiceReference"
                },
                "parameters": {
                    "container": {
                        "type": "string"
                    },
                    "directory": {
                        "type": "string"
                    }
                },
                "folder": {
                    "name": "ADF_Framework_Datasets"
                },
                "annotations": [],
                "type": "Binary",
                "typeProperties": {
                    "location": {
                        "type": "AzureBlobFSLocation",
                        "folderPath": {
                            "value": "@dataset().directory",
                            "type": "Expression"
                        },
                        "fileSystem": {
                            "value": "@dataset().container",
                            "type": "Expression"
                        }
                    },
                    "compression": {
                        "type": "gzip"
                    }
                }
            },
            "dependsOn": []
        },
        {
            "name": "[concat(parameters('factoryName'), '/OracleJapanDCL')]",
            "type": "Microsoft.DataFactory/factories/datasets",
            "apiVersion": "2018-06-01",
            "properties": {
                "linkedServiceName": {
                    "referenceName": "adfadbplt001lsawsbmntkyl0021jnjcom",
                    "type": "LinkedServiceReference"
                },
                "folder": {
                    "name": "ADF_Framework_Datasets/SQL"
                },
                "annotations": [],
                "type": "OracleTable",
                "schema": [],
                "typeProperties": {}
            },
            "dependsOn": []
        },
        {
            "name": "[concat(parameters('factoryName'), '/OracleJapanDCL_kenvue')]",
            "type": "Microsoft.DataFactory/factories/datasets",
            "apiVersion": "2018-06-01",
            "properties": {
                "linkedServiceName": {
                    "referenceName": "adfadbplt001lsawsbmntkyl001y",
                    "type": "LinkedServiceReference"
                },
                "folder": {
                    "name": "ADF_Framework_Datasets/SQL"
                },
                "annotations": [],
                "type": "OracleTable",
                "schema": [],
                "typeProperties": {}
            },
            "dependsOn": []
        },
        {
            "name": "[concat(parameters('factoryName'), '/BinarySFTPmarketingcloudopsjpndcl')]",
            "type": "Microsoft.DataFactory/factories/datasets",
            "apiVersion": "2018-06-01",
            "properties": {
                "linkedServiceName": {
                    "referenceName": "adfadbplt001lsmarketingcloudopsjpndcl",
                    "type": "LinkedServiceReference"
                },
                "parameters": {
                    "directory": {
                        "type": "string"
                    },
                    "filename": {
                        "type": "string"
                    }
                },
                "folder": {
                    "name": "ADF_Framework_Datasets/SFTP"
                },
                "annotations": [],
                "type": "Binary",
                "typeProperties": {
                    "location": {
                        "type": "SftpLocation",
                        "fileName": {
                            "value": "@dataset().filename",
                            "type": "Expression"
                        },
                        "folderPath": {
                            "value": "@dataset().directory",
                            "type": "Expression"
                        }
                    }
                }
            },
            "dependsOn": []
        },
        {
            "name": "[concat(parameters('factoryName'), '/Salesforce_Object_Veeva')]",
            "type": "Microsoft.DataFactory/factories/datasets",
            "apiVersion": "2018-06-01",
            "properties": {
                "linkedServiceName": {
                    "referenceName": "adfadbplt001lssfhcpveevaind002",
                    "type": "LinkedServiceReference"
                },
                "folder": {
                    "name": "ADF_Framework_Datasets/SQL"
                },
                "annotations": [],
                "type": "SalesforceV2Object",
                "schema": [],
                "typeProperties": {}
            },
            "dependsOn": []
        },
        {
            "name": "[concat(parameters('factoryName'), '/OracleJapan_pl002')]",
            "type": "Microsoft.DataFactory/factories/datasets",
            "apiVersion": "2018-06-01",
            "properties": {
                "linkedServiceName": {
                    "referenceName": "adfadbplt001lsvmcitsapl002fjx2com",
                    "type": "LinkedServiceReference"
                },
                "folder": {
                    "name": "ADF_Framework_Datasets/SQL"
                },
                "annotations": [],
                "type": "OracleTable",
                "schema": [],
                "typeProperties": {}
            },
            "dependsOn": []
        },
        {
            "name": "[concat(parameters('factoryName'), '/OracleJapan_pl005')]",
            "type": "Microsoft.DataFactory/factories/datasets",
            "apiVersion": "2018-06-01",
            "properties": {
                "linkedServiceName": {
                    "referenceName": "adfadbplt001lsvawsbtcsgpl0005kenvuecom",
                    "type": "LinkedServiceReference"
                },
                "folder": {
                    "name": "ADF_Framework_Datasets/SQL"
                },
                "annotations": [],
                "type": "OracleTable",
                "schema": [],
                "typeProperties": {}
            },
            "dependsOn": []
        },
        {
            "name": "[concat(parameters('factoryName'), '/redshift_ga360')]",
            "type": "Microsoft.DataFactory/factories/datasets",
            "apiVersion": "2018-06-01",
            "properties": {
                "linkedServiceName": {
                    "referenceName": "adfadbplt001lsarsprdcon360",
                    "type": "LinkedServiceReference"
                },
                "folder": {
                    "name": "ADF_Framework_Datasets/SQL"
                },
                "annotations": [],
                "type": "AmazonRedshiftTable",
                "schema": [],
                "typeProperties": {}
            },
            "dependsOn": []
        },
        {
            "name": "[concat(parameters('factoryName'), '/Odbc_databricks')]",
            "type": "Microsoft.DataFactory/factories/datasets",
            "apiVersion": "2018-06-01",
            "properties": {
                "linkedServiceName": {
                    "referenceName": "adfadbplt001lsazrwbudbxprod",
                    "type": "LinkedServiceReference"
                },
                "folder": {
                    "name": "ODBC_Dataset"
                },
                "annotations": [],
                "type": "OdbcTable",
                "schema": [],
                "typeProperties": {}
            },
            "dependsOn": []
        },
        {
            "name": "[concat(parameters('factoryName'), '/AmazonRdsForOracleNA')]",
            "type": "Microsoft.DataFactory/factories/datasets",
            "apiVersion": "2018-06-01",
            "properties": {
                "linkedServiceName": {
                    "referenceName": "adfadbplt001lsemartkor",
                    "type": "LinkedServiceReference"
                },
                "folder": {
                    "name": "ADF_Framework_Datasets/SQL"
                },
                "annotations": [],
                "type": "AmazonRdsForOracleTable",
                "schema": [],
                "typeProperties": {}
            },
            "dependsOn": []
        },
        {
            "name": "[concat(parameters('factoryName'), '/AmazonRdsForCapturesqlrds')]",
            "type": "Microsoft.DataFactory/factories/datasets",
            "apiVersion": "2018-06-01",
            "properties": {
                "linkedServiceName": {
                    "referenceName": "adfadbdev001lsardsbpanorama001",
                    "type": "LinkedServiceReference"
                },
                "folder": {
                    "name": "ADF_Framework_Datasets/SQL"
                },
                "annotations": [],
                "type": "AmazonRdsForSqlServerTable",
                "schema": [],
                "typeProperties": {}
            },
            "dependsOn": []
        },
        {
            "name": "[concat(parameters('factoryName'), '/sql_server_awsbrasgpw0001')]",
            "type": "Microsoft.DataFactory/factories/datasets",
            "apiVersion": "2018-06-01",
            "properties": {
                "linkedServiceName": {
                    "referenceName": "adfadbdev001smssqltpm001",
                    "type": "LinkedServiceReference"
                },
                "folder": {
                    "name": "ADF_Framework_Datasets/SQL"
                },
                "annotations": [],
                "type": "SqlServerTable",
                "schema": [],
                "typeProperties": {}
            },
            "dependsOn": []
        },
        {
            "name": "[concat(parameters('factoryName'), '/JPDCL_Binary_SFTP_Sink')]",
            "type": "Microsoft.DataFactory/factories/datasets",
            "apiVersion": "2018-06-01",
            "properties": {
                "linkedServiceName": {
                    "referenceName": "adfadbplt001lsmftappvkenvuecomjpdcl",
                    "type": "LinkedServiceReference"
                },
                "parameters": {
                    "directory": {
                        "type": "string"
                    },
                    "filename": {
                        "type": "string"
                    }
                },
                "folder": {
                    "name": "ADF_Framework_Datasets/export"
                },
                "annotations": [],
                "type": "Binary",
                "typeProperties": {
                    "location": {
                        "type": "SftpLocation",
                        "fileName": {
                            "value": "@dataset().filename",
                            "type": "Expression"
                        },
                        "folderPath": {
                            "value": "@dataset().directory",
                            "type": "Expression"
                        }
                    }
                }
            },
            "dependsOn": []
        },
        {
            "name": "[concat(parameters('factoryName'), '/JPDCL_sftp_csv_zipped_sink')]",
            "type": "Microsoft.DataFactory/factories/datasets",
            "apiVersion": "2018-06-01",
            "properties": {
                "linkedServiceName": {
                    "referenceName": "adfadbplt001lsmftappvkenvuecomjpdcl",
                    "type": "LinkedServiceReference"
                },
                "parameters": {
                    "directory": {
                        "type": "string"
                    },
                    "filename": {
                        "type": "string"
                    }
                },
                "folder": {
                    "name": "ADF_Framework_Datasets/export"
                },
                "annotations": [],
                "type": "DelimitedText",
                "typeProperties": {
                    "location": {
                        "type": "SftpLocation",
                        "fileName": {
                            "value": "@dataset().filename",
                            "type": "Expression"
                        },
                        "folderPath": {
                            "value": "@dataset().directory",
                            "type": "Expression"
                        }
                    },
                    "columnDelimiter": ",",
                    "escapeChar": "\\",
                    "firstRowAsHeader": false,
                    "quoteChar": ""
                },
                "schema": []
            },
            "dependsOn": []
        },
        {
            "name": "[concat(parameters('factoryName'), '/Mbox_File_Copy_adls')]",
            "type": "Microsoft.DataFactory/factories/datasets",
            "apiVersion": "2018-06-01",
            "properties": {
                "linkedServiceName": {
                    "referenceName": "adfadbplt001lsdlsadbplt001",
                    "type": "LinkedServiceReference"
                },
                "parameters": {
                    "container": {
                        "type": "string"
                    },
                    "directory": {
                        "type": "string"
                    },
                    "fileName": {
                        "type": "string"
                    },
                    "encoding": {
                        "type": "string"
                    },
                    "delimeter": {
                        "type": "string"
                    }
                },
                "folder": {
                    "name": "ADF_Framework_Datasets/export"
                },
                "annotations": [],
                "type": "DelimitedText",
                "typeProperties": {
                    "location": {
                        "type": "AzureBlobFSLocation",
                        "fileName": {
                            "value": "@dataset().fileName",
                            "type": "Expression"
                        },
                        "folderPath": {
                            "value": "@dataset().directory",
                            "type": "Expression"
                        },
                        "fileSystem": {
                            "value": "@dataset().container",
                            "type": "Expression"
                        }
                    },
                    "columnDelimiter": {
                        "value": "@dataset().delimeter",
                        "type": "Expression"
                    },
                    "encodingName": {
                        "value": "@dataset().encoding",
                        "type": "Expression"
                    },
                    "escapeChar": "\\",
                    "firstRowAsHeader": false,
                    "quoteChar": ""
                },
                "schema": []
            },
            "dependsOn": []
        },
        {
            "name": "[concat(parameters('factoryName'), '/Mbox_File_Copy_adls_split_file')]",
            "type": "Microsoft.DataFactory/factories/datasets",
            "apiVersion": "2018-06-01",
            "properties": {
                "linkedServiceName": {
                    "referenceName": "adfadbplt001lsdlsadbplt001",
                    "type": "LinkedServiceReference"
                },
                "parameters": {
                    "container": {
                        "type": "string"
                    },
                    "directory": {
                        "type": "string"
                    },
                    "encoding": {
                        "type": "string"
                    },
                    "delimeter": {
                        "type": "string"
                    }
                },
                "folder": {
                    "name": "ADF_Framework_Datasets/export"
                },
                "annotations": [],
                "type": "DelimitedText",
                "typeProperties": {
                    "location": {
                        "type": "AzureBlobFSLocation",
                        "folderPath": {
                            "value": "@dataset().directory",
                            "type": "Expression"
                        },
                        "fileSystem": {
                            "value": "@dataset().container",
                            "type": "Expression"
                        }
                    },
                    "columnDelimiter": {
                        "value": "@dataset().delimeter",
                        "type": "Expression"
                    },
                    "encodingName": {
                        "value": "@dataset().encoding",
                        "type": "Expression"
                    },
                    "escapeChar": "\\",
                    "firstRowAsHeader": false,
                    "quoteChar": ""
                },
                "schema": []
            },
            "dependsOn": []
        },
        {
            "name": "[concat(parameters('factoryName'), '/AdlsCsvForZippedSink')]",
            "type": "Microsoft.DataFactory/factories/datasets",
            "apiVersion": "2018-06-01",
            "properties": {
                "linkedServiceName": {
                    "referenceName": "adfadbplt001lsdlsadbplt001",
                    "type": "LinkedServiceReference"
                },
                "parameters": {
                    "container": {
                        "type": "string"
                    },
                    "folder": {
                        "type": "string"
                    },
                    "fileName": {
                        "type": "string"
                    }
                },
                "folder": {
                    "name": "ADF_Framework_Datasets/export"
                },
                "annotations": [],
                "type": "DelimitedText",
                "typeProperties": {
                    "location": {
                        "type": "AzureBlobFSLocation",
                        "fileName": {
                            "value": "@dataset().fileName",
                            "type": "Expression"
                        },
                        "folderPath": {
                            "value": "@dataset().folder",
                            "type": "Expression"
                        },
                        "fileSystem": {
                            "value": "@dataset().container",
                            "type": "Expression"
                        }
                    },
                    "columnDelimiter": ",",
                    "compressionCodec": "ZipDeflate",
                    "compressionLevel": "Optimal",
                    "escapeChar": "\\",
                    "firstRowAsHeader": true,
                    "quoteChar": ""
                },
                "schema": []
            },
            "dependsOn": []
        }
    ]
}